link,renters,owners
20010101,19,19
20011201,102,12
20011210,82,15
20011211,103,29
20011202,107,22
20011203,261,49
20011204,128,38
20011205,210,47
20011206,149,35
20011207,285,57
20011208,109,20
20011209,291,36
20011301,154,8
20011304,117,19
20011313,96,6
20011309,139,15
20011310,227,2
20011311,121,16
20011401,180,13
20011410,147,65
20011411,230,23
20011412,179,37
20011402,105,105
20011403,156,19
20011404,32,5
20011405,154,39
20011406,224,65
20011407,201,7
20011408,140,48
20011409,222,24
20011501,157,8
20011510,242,28
20011511,193,44
20011502,208,34
20011503,139,60
20011504,284,35
20011505,113,42
20011506,258,42
20011507,229,16
20011508,247,59
20011509,255,75
20011601,181,5
20011610,255,26
20011611,193,20
20011612,127,5
20011602,148,15
20011603,357,47
20011604,276,55
20011605,171,29
20011606,180,14
20011607,330,117
20011608,203,12
20011609,151,5
20011701,291,65
20011710,243,31
20011711,181,34
20011702,223,58
20011703,282,12
20011704,266,14
20011705,231,20
20011706,283,67
20011707,296,22
20011708,209,34
20011709,214,24
20011801,338,11
20011802,340,8
20011803,246,32
20011804,318,19
20011805,244,21
20011806,402,74
20011807,241,67
20011808,258,39
20011809,274,23
20011901,293,126
20011902,432,56
20011903,125,15
20011904,238,49
20011905,222,29
20011906,154,48
20011907,254,63
20011908,140,16
20011909,191,28
20012001,194,61
20012010,255,51
20012002,257,39
20012003,193,41
20012004,299,43
20012005,260,86
20012006,281,30
20012007,194,11
20012008,201,15
20012009,221,16
20012101,245,20
20012110,312,45
20012102,228,21
20012103,86,40
20012104,372,90
20012105,230,41
20012106,219,38
20012107,290,35
20012108,196,42
20012109,294,28
20010401,554,34
20010402,498,15
20010403,299,17
20010404,415,21
20010405,270,23
20010406,343,20
20010407,393,26
20010408,311,26
20012201,210,18
20012210,458,116
20012202,375,42
20012203,313,41
20012204,167,29
20012205,164,20
20012206,223,19
20012207,229,28
20012208,253,19
20012209,314,54
20012301,227,34
20012310,134,11
20012302,189,21
20012303,329,40
20012304,120,11
20012305,171,48
20012306,191,17
20012307,204,45
20012308,270,16
20012309,362,38
20012401,100,13
20012402,116,25
20012403,108,51
20012404,146,20
20012405,144,17
20012406,289,57
20012407,207,49
20012408,158,21
20012501,147,24
20012510,183,28
20012511,222,27
20012502,147,27
20012503,210,11
20012504,386,23
20012505,199,21
20012506,266,70
20012507,178,13
20012508,258,58
20012509,113,37
20012601,156,85
20012602,256,42
20012603,173,40
20012604,214,25
20012605,286,13
20012606,192,22
20012607,138,3
20012608,205,7
20012609,304,7
20012701,201,29
20012710,235,6
20012702,104,34
20012703,191,80
20012704,220,96
20012705,259,23
20012706,244,110
20012707,154,74
20012708,231,13
20012709,257,43
20012801,202,12
20012810,317,20
20012811,199,37
20012812,169,60
20012813,202,39
20012802,291,49
20012803,171,61
20012804,228,43
20012805,317,31
20012806,211,62
20012807,241,52
20012808,93,0
20012809,222,33
20012901,349,46
20012902,198,28
20012903,255,18
20012904,212,30
20012905,243,15
20012906,301,18
20012907,292,32
20012908,195,29
20012909,238,104
20010501,196,40
20010502,202,37
20010503,359,26
20010504,467,16
20010505,229,8
20010506,336,17
20010507,253,17
20010601,290,34
20010610,172,10
20010602,191,19
20010603,382,26
20010604,374,18
20010605,159,8
20010606,223,12
20010607,206,18
20010608,280,12
20010609,405,5
20010701,241,19
20010710,204,25
20010711,107,28
20010712,147,26
20010713,59,5
20010702,107,3
20010703,94,30
20010704,224,44
20010705,131,16
20010706,68,12
20010707,229,14
20010708,195,41
20010709,173,10
20010801,167,20
20010810,147,34
20010802,493,69
20010803,396,42
20010804,265,27
20010805,199,15
20010806,536,28
20010807,506,40
20010808,170,18
20010809,243,14
20010901,150,11
20010910,94,12
20010911,108,8
20010912,69,5
20010913,170,21
20010914,101,20
20010915,85,15
20010916,231,45
20010917,164,42
20010919,54,4
20010902,163,26
20010903,157,32
20010904,113,20
20010905,157,30
20010906,148,25
20010907,230,50
20010908,134,11
20010909,195,29
20011001,98,20
20011010,259,28
20011011,308,37
20011012,185,90
20011013,295,39
20011014,94,16
20011002,242,31
20011003,425,81
20011004,201,21
20011005,198,35
20011006,253,12
20011007,117,9
20011008,133,19
20011009,147,13
20011101,166,36
20011110,221,46
20011111,91,24
20011112,310,65
20011113,262,22
20011114,256,30
20011102,227,31
20011103,91,104
20011104,260,46
20011105,152,58
20011106,168,38
20011107,228,54
20011108,325,23
20011109,182,11
20100101,215,31
20100102,287,36
20100103,285,49
20100104,226,46
20100105,217,19
20100106,223,34
20100107,209,39
20100108,317,24
20101001,262,13
20101010,237,18
20101011,270,17
20101012,285,51
20101002,292,53
20101003,276,21
20101004,249,20
20101005,287,12
20101006,298,9
20101007,271,27
20101008,220,33
20101009,302,36
20101101,281,18
20101110,222,41
20101111,238,6
20101102,375,31
20101103,268,70
20101104,319,27
20101105,197,59
20101106,156,25
20101107,302,28
20101108,315,23
20101109,271,74
20101201,317,14
20101210,218,21
20101202,332,32
20101203,239,21
20101204,204,31
20101205,134,17
20101206,181,10
20101207,189,36
20101208,282,9
20101209,281,26
20101301,170,42
20101310,201,28
20101311,269,7
20101312,254,8
20101302,226,20
20101303,218,40
20101304,204,35
20101305,263,38
20101306,244,21
20101307,234,10
20101308,254,30
20101309,248,28
20101401,282,32
20101410,308,23
20101411,210,49
20101402,266,38
20101403,303,14
20101404,241,39
20101405,241,15
20101406,181,18
20101407,246,20
20101408,214,33
20101409,263,57
20101501,229,17
20101502,305,38
20101503,160,38
20101504,227,14
20101505,269,24
20101506,212,26
20101507,196,22
20101508,266,67
20101509,420,34
20101601,241,23
20101602,345,41
20101603,210,37
20101604,283,49
20101605,342,38
20101606,286,52
20101607,270,18
20101608,276,22
20101609,279,48
20101701,299,11
20101710,232,32
20101702,307,44
20101703,316,37
20101704,360,18
20101705,242,54
20101706,255,37
20101707,237,32
20101708,201,17
20101709,205,10
20101801,232,21
20101810,142,33
20101811,166,44
20101812,248,42
20101802,244,21
20101803,295,24
20101804,339,34
20101805,259,16
20101806,265,11
20101807,328,31
20101808,159,19
20101809,330,30
20101901,207,34
20101910,331,47
20101911,275,54
20101912,361,41
20101902,368,40
20101903,231,67
20101904,301,24
20101905,326,15
20101906,229,35
20101907,305,17
20101908,186,15
20101909,243,29
20100201,287,33
20100202,201,43
20100203,203,27
20100204,230,63
20100205,241,46
20100206,326,53
20100207,302,29
20100208,277,27
20100301,204,11
20100302,251,30
20100303,267,21
20100304,197,9
20100305,246,15
20100306,236,29
20100307,321,16
20100308,296,38
20100401,330,27
20100402,337,44
20100403,262,29
20100404,259,26
20100405,238,31
20100406,182,36
20100407,258,29
20100408,229,33
20100409,232,33
20100501,175,51
20100510,205,52
20100511,203,39
20100512,232,22
20100513,256,22
20100514,232,28
20100502,249,36
20100503,314,29
20100504,290,14
20100505,256,35
20100506,295,24
20100507,257,44
20100508,328,22
20100509,228,22
20100601,202,21
20100610,298,71
20100611,244,10
20100612,248,11
20100613,360,25
20100602,204,32
20100603,345,27
20100604,291,21
20100605,289,50
20100606,251,32
20100607,229,53
20100608,305,29
20100609,300,54
20100701,307,40
20100710,345,40
20100702,364,33
20100703,409,42
20100704,392,32
20100705,324,33
20100706,313,25
20100707,401,105
20100708,325,22
20100709,273,39
20100801,302,80
20100802,368,40
20100803,258,27
20100804,309,46
20100805,225,35
20100806,242,42
20100807,354,48
20100808,354,41
20100809,227,30
20100901,289,32
20100910,201,33
20100902,243,63
20100903,265,20
20100904,278,28
20100905,265,21
20100906,297,34
20100907,280,21
20100908,212,34
20100909,214,33
20110101,265,55
20110110,299,21
20110111,351,45
20110112,227,39
20110102,294,20
20110103,208,31
20110104,270,42
20110105,189,27
20110106,240,30
20110107,213,35
20110108,254,14
20110109,260,41
20111001,258,35
20111010,222,25
20111002,341,27
20111003,306,8
20111004,286,41
20111005,360,23
20111006,438,15
20111007,305,26
20111008,298,15
20111009,290,23
20111101,245,15
20111102,258,44
20111103,248,59
20111104,81,12
20111105,294,29
20111106,298,58
20111107,257,39
20111108,265,36
20111109,227,11
20111201,215,14
20111210,225,31
20111202,194,23
20111203,298,45
20111204,255,14
20111205,201,29
20111206,292,21
20111207,231,19
20111208,261,3
20111209,215,13
20111301,291,52
20111310,237,11
20111311,298,29
20111302,330,51
20111303,294,17
20111304,309,35
20111305,350,35
20111306,317,35
20111307,282,14
20111308,258,18
20111309,330,31
20111401,297,61
20111402,302,27
20111403,317,43
20111404,248,27
20111405,276,37
20111406,367,29
20111407,631,49
20111501,311,31
20111510,297,27
20111511,345,39
20111502,292,29
20111503,316,36
20111504,322,24
20111505,260,59
20111506,275,27
20111507,251,29
20111508,325,23
20111509,311,19
20111601,282,28
20111610,206,22
20111602,339,13
20111603,228,29
20111604,224,22
20111605,250,28
20111606,279,29
20111607,313,31
20111608,349,29
20111609,236,16
20111701,250,34
20111702,227,52
20111703,294,26
20111704,229,77
20111705,223,26
20111706,320,64
20111707,293,15
20111708,257,40
20111801,199,29
20111802,240,44
20111803,243,27
20111804,298,26
20111805,284,25
20111806,426,80
20111807,276,27
20111808,254,74
20111809,251,35
20111901,180,30
20111902,285,31
20111903,230,48
20111904,295,32
20111905,252,34
20111906,298,27
20111907,272,33
20111908,235,58
20111909,277,45
20110201,247,26
20110210,325,17
20110211,315,7
20110202,308,13
20110203,269,15
20110204,198,23
20110205,349,28
20110206,313,17
20110207,293,10
20110208,262,30
20110209,212,21
20112001,308,36
20112010,266,19
20112011,190,56
20112002,300,12
20112003,274,85
20112004,244,37
20112005,248,66
20112006,209,26
20112007,206,19
20112008,185,4
20112009,243,13
20112101,292,24
20112110,242,36
20112111,314,51
20112102,243,15
20112103,380,25
20112104,280,31
20112105,341,42
20112106,314,37
20112107,236,24
20112108,215,34
20112109,211,7
20112201,247,52
20112210,271,27
20112211,216,20
20112202,301,47
20112203,319,29
20112204,200,59
20112205,271,30
20112206,352,31
20112207,318,22
20112208,257,7
20112209,224,35
20110301,252,10
20110310,292,4
20110311,245,7
20110312,258,22
20110302,277,15
20110303,216,17
20110304,188,20
20110305,214,13
20110306,279,7
20110307,251,12
20110308,276,19
20110309,271,23
20110401,267,9
20110410,250,25
20110411,266,43
20110412,322,20
20110413,269,37
20110402,243,13
20110403,203,15
20110404,266,23
20110405,296,6
20110406,220,15
20110407,268,7
20110408,263,15
20110409,286,21
20110501,207,32
20110510,287,42
20110502,268,36
20110503,294,20
20110504,229,20
20110505,299,34
20110506,290,22
20110507,261,12
20110508,278,20
20110509,243,36
20110601,261,24
20110610,226,35
20110611,256,41
20110602,326,24
20110603,292,52
20110604,301,25
20110605,250,47
20110606,247,51
20110607,254,32
20110608,242,36
20110609,232,46
20110701,136,18
20110710,255,27
20110711,281,37
20110712,245,46
20110702,294,24
20110703,262,31
20110704,295,21
20110705,316,29
20110706,263,24
20110707,239,28
20110708,226,14
20110709,253,42
20110801,303,33
20110802,285,44
20110803,199,10
20110804,321,6
20110805,244,17
20110806,330,33
20110807,308,22
20110808,329,20
20110809,334,25
20110901,272,35
20110910,319,7
20110911,219,26
20110912,293,1
20110902,280,13
20110903,333,38
20110904,231,19
20110905,282,9
20110906,226,18
20110907,288,14
20110908,273,34
20110909,221,23
20120101,167,21
20120110,302,48
20120111,320,45
20120102,163,29
20120103,163,13
20120104,244,22
20120105,193,13
20120106,229,47
20120107,313,15
20120108,150,28
20120109,289,60
20121001,270,51
20121010,198,57
20121011,284,38
20121002,330,48
20121003,248,34
20121004,222,34
20121005,254,38
20121006,301,41
20121007,215,32
20121008,457,12
20121009,271,36
20121101,292,27
20121110,225,41
20121111,231,41
20121102,240,19
20121103,189,54
20121104,286,39
20121105,217,67
20121106,278,29
20121107,302,17
20121108,303,22
20121109,366,4
20121201,261,9
20121202,473,21
20121203,467,18
20121204,307,42
20121205,298,24
20121206,225,18
20121207,353,22
20121208,238,25
20121301,363,39
20121302,357,31
20121303,683,28
20121304,444,45
20121305,446,10
20121306,345,45
20121307,204,17
20121401,358,11
20121410,381,42
20121402,360,35
20121403,292,12
20121404,390,8
20121405,410,8
20121406,294,20
20121407,387,41
20121408,419,44
20121409,305,14
20121501,341,24
20121510,263,30
20121511,228,37
20121512,251,16
20121513,233,12
20121502,397,22
20121503,380,25
20121504,376,39
20121505,303,88
20121506,317,22
20121507,366,13
20121508,346,13
20121509,399,23
20121601,347,32
20121610,272,55
20121611,309,24
20121612,250,61
20121613,163,32
20121602,308,37
20121603,300,8
20121604,417,31
20121605,442,28
20121606,573,56
20121607,303,13
20121608,439,79
20121609,349,9
20121701,290,53
20121702,280,66
20121703,294,28
20121704,266,34
20121705,385,42
20121706,333,55
20121707,324,31
20121708,509,36
20121801,198,30
20121810,235,37
20121811,202,31
20121812,365,61
20121813,273,32
20121802,240,68
20121803,274,39
20121804,244,52
20121805,243,47
20121806,273,27
20121807,289,39
20121808,291,23
20121809,228,35
20121901,337,8
20121910,320,28
20121911,310,24
20121912,277,38
20121913,266,6
20121902,211,7
20121903,242,8
20121904,306,57
20121905,328,38
20121906,303,45
20121907,307,32
20121908,266,36
20121909,270,41
20120201,277,35
20120202,254,55
20120203,317,64
20120204,328,44
20120205,331,40
20120206,288,47
20120207,284,32
20120208,298,37
20122001,283,30
20122002,458,56
20122003,385,13
20122004,355,31
20122005,314,37
20122006,374,28
20122007,317,25
20122008,288,21
20122101,440,16
20122110,220,38
20122102,392,17
20122103,322,19
20122104,389,27
20122105,183,8
20122106,289,30
20122107,273,57
20122108,264,30
20122109,244,26
20122201,254,30
20122210,316,39
20122211,329,36
20122202,307,48
20122203,266,23
20122204,260,32
20122205,340,20
20122206,377,56
20122207,410,24
20122208,315,17
20122209,325,31
20120301,92,12
20120310,222,64
20120311,248,30
20120302,198,27
20120303,229,32
20120304,217,42
20120305,243,46
20120306,261,74
20120307,307,69
20120308,218,32
20120309,170,34
20120401,226,19
20120410,188,35
20120402,213,55
20120403,319,64
20120404,246,32
20120405,212,19
20120406,263,27
20120407,461,35
20120408,238,43
20120409,184,38
20120501,178,26
20120510,254,22
20120511,277,38
20120502,240,39
20120503,492,36
20120504,243,32
20120505,304,41
20120506,266,21
20120507,307,14
20120508,346,67
20120509,225,77
20120601,286,13
20120610,276,20
20120602,323,25
20120603,234,19
20120604,296,29
20120605,329,53
20120606,292,46
20120607,315,14
20120608,250,35
20120609,241,60
20120701,268,45
20120710,394,75
20120702,258,40
20120703,293,22
20120704,278,43
20120705,241,23
20120706,289,54
20120707,267,30
20120708,326,32
20120709,523,27
20120801,328,78
20120810,202,67
20120811,223,19
20120802,251,18
20120803,288,31
20120804,216,40
20120805,299,41
20120806,322,21
20120807,321,38
20120808,376,32
20120809,362,25
20120901,266,49
20120902,345,55
20120903,309,68
20120904,325,58
20120905,322,32
20120906,327,38
20120907,272,26
20130101,282,12
20130110,269,35
20130111,235,24
20130112,218,24
20130113,226,13
20130114,245,17
20130102,314,26
20130103,250,4
20130104,293,62
20130105,381,12
20130106,287,69
20130107,166,15
20130108,229,9
20130109,187,10
20131001,370,43
20131010,356,44
20131011,290,16
20131002,327,17
20131003,372,29
20131004,387,26
20131005,194,38
20131006,349,29
20131007,258,54
20131008,409,21
20131009,304,9
20131101,155,15
20131102,213,26
20131103,178,16
20131104,214,12
20131105,204,11
20131106,339,34
20131107,241,24
20131201,254,22
20131210,220,24
20131202,300,12
20131203,215,21
20131204,339,11
20131205,193,19
20131206,200,35
20131207,275,64
20131208,245,27
20131209,325,53
20131301,346,6
20131310,342,4
20131311,199,13
20131312,318,6
20131313,506,20
20131314,328,14
20131302,146,1
20131303,316,3
20131304,351,19
20131305,388,18
20131306,116,15
20131307,264,35
20131308,235,13
20131309,271,2
20131401,305,22
20131410,285,12
20131411,249,19
20131402,156,6
20131403,337,23
20131404,279,9
20131405,209,19
20131406,337,18
20131407,157,6
20131408,219,30
20131409,223,11
20131501,311,39
20131510,298,32
20131511,308,59
20131512,310,13
20131502,351,6
20131503,316,31
20131504,176,20
20131505,356,28
20131506,272,7
20131507,376,0
20131508,349,14
20131509,352,51
20131601,381,7
20131610,363,22
20131611,342,37
20131612,322,17
20131613,219,2
20131602,412,12
20131603,242,7
20131604,353,14
20131605,249,2
20131606,168,1
20131607,340,25
20131608,335,12
20131609,351,22
20131701,385,86
20131710,340,53
20131711,235,10
20131702,414,50
20131703,307,51
20131704,229,14
20131705,270,11
20131706,333,11
20131707,334,48
20131708,297,17
20131709,366,33
20131801,299,33
20131810,237,33
20131802,367,35
20131803,383,7
20131804,266,27
20131805,265,15
20131806,268,33
20131807,359,21
20131808,266,9
20131809,153,13
20131901,322,13
20131910,291,20
20131911,158,2
20131912,261,5
20131902,382,11
20131903,276,9
20131904,214,12
20131905,322,37
20131906,194,17
20131907,217,4
20131908,317,5
20131909,287,40
20130201,475,39
20130210,385,51
20130202,300,29
20130203,227,28
20130204,196,38
20130206,431,29
20130207,283,8
20130208,228,24
20130209,366,24
20132001,285,16
20132010,264,4
20132011,220,31
20132012,260,10
20132002,371,10
20132003,169,2
20132004,303,9
20132005,294,6
20132006,400,24
20132007,348,18
20132008,355,28
20132009,239,16
20132101,227,5
20132110,316,19
20132102,141,7
20132103,221,5
20132104,309,10
20132105,279,7
20132106,289,19
20132107,412,31
20132108,334,4
20132109,339,19
20132201,232,17
20132202,212,6
20132203,210,7
20132204,297,25
20132205,386,4
20132206,383,2
20132207,449,4
20132208,327,34
20132209,192,18
20132301,488,47
20132310,205,34
20132311,373,36
20132302,232,11
20132303,480,54
20132304,253,36
20132305,202,10
20132306,312,41
20132307,245,7
20132308,438,64
20132309,327,36
20132401,193,3
20132410,236,42
20132402,223,22
20132403,248,8
20132404,321,43
20132405,271,11
20132406,239,66
20132407,327,17
20132408,316,12
20132409,314,62
20132501,234,8
20132502,250,20
20132503,320,63
20132504,217,47
20132505,174,19
20132506,229,26
20132507,426,30
20132508,336,22
20132601,245,68
20132610,368,60
20132611,260,20
20132602,287,33
20132603,245,35
20132604,326,59
20132605,279,22
20132606,224,10
20132607,177,6
20132608,160,53
20132609,181,19
20132701,166,8
20132702,390,6
20132703,417,17
20132704,350,34
20132705,288,16
20132706,495,26
20132707,455,39
20132708,333,26
20132709,392,6
20132801,209,53
20132810,247,21
20132802,195,14
20132803,262,30
20132804,176,23
20132805,203,12
20132806,326,20
20132807,283,43
20132808,418,30
20132809,345,36
20132901,214,57
20132910,239,13
20132911,235,71
20132902,258,22
20132903,224,21
20132904,352,22
20132905,224,50
20132906,306,21
20132907,325,26
20132908,351,58
20132909,203,5
20130301,357,16
20130310,416,26
20130302,249,16
20130303,317,14
20130304,411,18
20130305,292,17
20130306,249,21
20130307,274,9
20130308,249,28
20130309,301,30
20130401,275,9
20130410,223,6
20130411,285,31
20130412,537,46
20130413,299,22
20130414,303,21
20130402,304,34
20130403,278,22
20130404,372,51
20130405,338,20
20130406,363,33
20130407,274,16
20130408,231,33
20130409,308,26
20130501,306,29
20130502,369,28
20130503,474,51
20130504,440,33
20130505,298,43
20130506,370,48
20130507,263,61
20130508,372,35
20130601,264,18
20130602,371,25
20130603,350,9
20130604,345,52
20130605,406,39
20130606,320,28
20130607,370,21
20130608,298,37
20130701,260,9
20130702,206,14
20130703,425,28
20130704,332,8
20130705,456,17
20130706,345,24
20130707,316,11
20130708,284,20
20130709,354,9
20130801,299,12
20130810,276,13
20130802,252,19
20130803,389,18
20130804,339,39
20130805,390,60
20130806,283,8
20130807,309,29
20130808,396,15
20130809,298,28
20130901,262,21
20130910,221,14
20130902,257,37
20130903,215,21
20130904,281,11
20130905,455,30
20130906,286,32
20130907,291,3
20130908,319,9
20130909,345,14
20140101,202,6
20140110,432,12
20140102,231,14
20140103,361,27
20140104,328,27
20140105,509,65
20140106,406,37
20140107,279,60
20140108,278,13
20140109,375,3
20141001,5,1
20141101,272,9
20141110,177,27
20141111,251,55
20141112,330,27
20141113,383,10
20141114,206,5
20141102,449,15
20141103,183,47
20141104,248,23
20141105,368,7
20141106,337,13
20141107,238,27
20141108,482,40
20141109,374,21
20141201,211,7
20141210,325,26
20141211,262,7
20141202,335,39
20141203,287,34
20141204,307,36
20141205,340,26
20141206,216,44
20141207,117,27
20141208,150,36
20141209,300,18
20141301,190,59
20141310,222,49
20141311,193,43
20141312,220,18
20141302,248,61
20141303,338,48
20141304,195,44
20141305,256,43
20141306,245,28
20141307,129,9
20141308,224,40
20141309,249,55
20141401,396,58
20141410,328,12
20141411,362,40
20141402,277,10
20141403,348,7
20141404,164,30
20141405,149,10
20141406,197,3
20141407,144,25
20141408,427,27
20141409,452,24
20141501,264,20
20141502,331,12
20141503,330,13
20141504,354,19
20141505,420,21
20141506,359,51
20141507,330,14
20141508,748,90
20141601,561,14
20141602,317,12
20141603,462,55
20141604,333,64
20141605,346,13
20141606,117,5
20141607,256,65
20141701,324,14
20141702,344,25
20141703,322,7
20141704,191,6
20141705,310,14
20141706,253,18
20141707,298,13
20141708,596,15
20141801,348,6
20141802,284,16
20141803,417,37
20141804,341,29
20141805,439,24
20141806,328,13
20141807,262,16
20141808,425,48
20141901,225,47
20141902,496,20
20141903,478,50
20141904,534,81
20141905,596,35
20140201,444,48
20140210,460,10
20140202,235,35
20140203,332,7
20140204,299,20
20140205,300,24
20140206,253,12
20140207,299,9
20140208,378,21
20140209,352,19
20142001,519,47
20142002,614,39
20142003,430,23
20142004,333,12
20142005,339,33
20142006,258,16
20142007,151,12
20142101,362,29
20142110,177,68
20142111,230,32
20142102,213,52
20142103,126,16
20142104,229,22
20142105,123,34
20142106,218,20
20142107,287,15
20142108,298,23
20142109,249,12
20142201,329,36
20142210,253,59
20142202,359,34
20142203,218,15
20142204,222,14
20142205,340,62
20142206,317,32
20142207,278,20
20142208,297,28
20142209,446,49
20142301,235,31
20142310,322,50
20142311,430,21
20142302,205,11
20142303,204,30
20142304,309,28
20142305,439,65
20142306,167,21
20142307,264,28
20142308,406,30
20142309,390,33
20142401,221,72
20142402,203,11
20142403,227,29
20142404,194,5
20142405,387,35
20142406,304,15
20142407,307,15
20142408,244,20
20142409,310,36
20142501,368,2
20142502,211,4
20142503,296,53
20142504,263,19
20142505,229,6
20142506,255,11
20142507,364,7
20142508,340,9
20142509,356,34
20142601,472,46
20142602,325,26
20142603,166,17
20142604,710,74
20142605,406,28
20142606,364,15
20142607,492,33
20142701,525,77
20142702,525,33
20142703,267,16
20142704,362,32
20142705,376,99
20142706,207,5
20142707,213,4
20142801,253,27
20142810,359,18
20142811,349,40
20142812,197,70
20142802,257,6
20142803,278,6
20142804,292,14
20142805,221,7
20142806,386,19
20142807,356,6
20142808,270,28
20142809,246,12
20142901,249,20
20142910,342,17
20142911,252,28
20142902,264,16
20142903,233,29
20142904,302,50
20142905,252,24
20142906,410,31
20142907,288,79
20142908,242,24
20142909,286,49
20140301,672,55
20140310,297,10
20140311,313,33
20140312,274,25
20140302,213,9
20140303,196,29
20140304,282,15
20140305,390,11
20140306,158,4
20140307,287,2
20140308,382,18
20140309,412,29
20143001,299,22
20143002,372,41
20143003,375,8
20143004,282,18
20143005,340,35
20143006,222,7
20143007,186,17
20143008,640,27
20143009,537,34
20143101,193,24
20143110,163,26
20143111,203,11
20143112,229,29
20143102,265,52
20143103,275,4
20143104,234,15
20143105,217,22
20143106,362,14
20143107,292,22
20143108,246,21
20143109,217,7
20140401,389,16
20140410,609,62
20140402,218,2
20140403,182,32
20140404,269,23
20140405,358,10
20140406,433,18
20140407,411,19
20140408,434,41
20140409,375,26
20140510,491,26
20140504,254,10
20140505,452,30
20140506,254,21
20140507,198,17
20140508,147,33
20140509,478,17
20140601,441,41
20140610,199,13
20140602,309,36
20140603,306,33
20140604,326,23
20140605,331,37
20140606,415,55
20140607,293,62
20140608,214,23
20140609,358,27
20140701,279,73
20140702,309,98
20140703,256,27
20140704,357,42
20140705,225,30
20140706,276,13
20140707,201,25
20140708,200,28
20140709,227,27
20140801,234,63
20140802,226,56
20140803,158,11
20140804,223,18
20140805,438,21
20140806,405,46
20140807,252,37
20140808,262,34
20140809,423,36
20140901,461,20
20140910,382,19
20140911,379,10
20140912,314,31
20140913,280,60
20140902,265,36
20140903,437,65
20140904,474,59
20140905,163,30
20140906,264,31
20140907,240,17
20140908,330,47
20140909,349,13
20150101,355,54
20150110,300,32
20150111,193,21
20150112,238,45
20150102,322,19
20150103,255,11
20150104,213,14
20150105,242,17
20150106,235,20
20150107,281,8
20150108,243,22
20150109,298,34
20151001,259,41
20151010,201,41
20151011,224,22
20151012,269,41
20151013,320,41
20151002,291,42
20151003,350,46
20151004,297,33
20151005,241,31
20151006,191,22
20151007,356,26
20151008,245,33
20151009,237,49
20151101,260,31
20151110,236,25
20151111,453,63
20151112,350,22
20151113,306,48
20151102,258,66
20151103,279,23
20151104,236,49
20151105,173,53
20151106,184,48
20151107,209,36
20151108,235,29
20151109,299,59
20151201,160,61
20151202,224,54
20151203,231,59
20151204,262,46
20151205,289,42
20151206,253,41
20151207,185,46
20151208,319,12
20151209,214,30
20151301,242,52
20151310,286,9
20151302,226,26
20151303,272,26
20151304,218,37
20151305,192,17
20151306,209,24
20151307,254,28
20151308,179,10
20151309,390,68
20151401,273,66
20151410,223,43
20151411,288,54
20151402,357,28
20151403,255,21
20151404,277,28
20151405,384,29
20151406,250,26
20151407,370,18
20151408,220,83
20151409,278,43
20151501,253,37
20151510,360,33
20151502,207,19
20151503,383,11
20151504,240,73
20151505,253,33
20151506,261,16
20151507,271,80
20151508,233,21
20151509,354,54
20151601,303,8
20151610,300,27
20151611,275,30
20151602,245,34
20151603,345,16
20151604,258,26
20151605,224,32
20151606,280,22
20151607,248,49
20151608,319,29
20151609,284,19
20151701,267,45
20151710,296,23
20151711,315,24
20151712,267,17
20151702,214,36
20151703,336,26
20151704,325,42
20151705,312,37
20151706,236,59
20151707,287,43
20151708,199,70
20151709,230,32
20151801,246,11
20151810,208,29
20151811,260,30
20151812,217,15
20151813,241,9
20151802,196,5
20151803,278,23
20151804,183,23
20151805,175,33
20151806,182,27
20151807,266,10
20151808,213,4
20151809,222,0
20151901,211,18
20151910,346,34
20151911,360,20
20151902,304,23
20151903,271,13
20151904,326,12
20151905,359,18
20151906,317,17
20151907,360,10
20151908,277,14
20151909,261,22
20150201,251,20
20150210,199,30
20150202,273,17
20150203,256,23
20150204,189,13
20150205,196,2
20150206,249,18
20150207,237,23
20150208,207,20
20150209,181,25
20152001,310,30
20152010,257,51
20152011,207,120
20152012,282,38
20152002,339,22
20152003,315,21
20152004,232,30
20152005,251,16
20152006,254,53
20152007,247,32
20152008,227,15
20152009,163,55
20152101,279,37
20152110,255,19
20152111,314,10
20152112,185,30
20152113,344,38
20152102,335,26
20152103,225,39
20152104,291,32
20152105,176,20
20152106,379,23
20152107,147,24
20152108,218,38
20152109,302,77
20150313,219,40
20150310,316,20
20150311,308,27
20150312,305,91
20150302,359,28
20150303,346,23
20150304,228,29
20150305,200,30
20150306,242,22
20150307,239,5
20150308,293,22
20150309,312,35
20150401,292,37
20150410,183,43
20150411,247,32
20150412,248,40
20150413,212,100
20150414,214,47
20150402,204,36
20150403,349,40
20150404,182,22
20150405,186,24
20150406,222,44
20150407,263,29
20150408,241,31
20150409,214,26
20150501,283,14
20150510,178,26
20150511,209,38
20150512,203,39
20150513,258,18
20150514,223,24
20150502,293,32
20150503,252,19
20150504,175,50
20150505,277,17
20150506,239,37
20150507,211,61
20150508,279,36
20150509,212,27
20150601,281,8
20150602,254,12
20150603,248,23
20150604,234,12
20150605,152,30
20150606,157,14
20150607,226,12
20150701,247,38
20150710,288,83
20150711,292,23
20150712,269,40
20150702,185,28
20150703,186,40
20150704,161,31
20150705,242,35
20150706,119,162
20150707,293,47
20150708,203,91
20150709,238,24
20150801,227,32
20150810,364,11
20150802,164,41
20150803,310,54
20150804,272,34
20150805,232,39
20150806,208,35
20150807,329,19
20150808,287,30
20150809,368,22
20150901,210,14
20150902,198,6
20150903,202,19
20150904,155,71
20150905,186,44
20150906,154,56
20150907,181,64
20150908,256,329
20020101,3,6
20020102,35,84
20021001,459,56
20021002,333,20
20021003,203,3
20021004,331,10
20021005,406,15
20021006,308,7
20021007,447,27
20021008,416,13
20021009,258,19
20021101,521,79
20021102,220,8
20021103,620,24
20021104,596,61
20021105,141,11
20021106,289,13
20021201,394,37
20021202,372,15
20021203,392,22
20021204,648,36
20021205,536,31
20021206,458,13
20021301,496,62
20021302,380,29
20021303,476,18
20021304,481,48
20021305,580,25
20021306,364,14
20021307,492,100
20021401,220,26
20021410,498,25
20021402,285,9
20021403,170,4
20021404,332,24
20021405,381,74
20021406,440,82
20021407,325,12
20021408,356,17
20021409,537,34
20021501,238,26
20021502,349,34
20021503,577,48
20021504,299,10
20021505,257,7
20021506,259,25
20021507,346,16
20021508,302,27
20021601,295,22
20021602,271,17
20021603,281,20
20021608,191,5
20021605,327,31
20021606,311,6
20021607,318,19
20021701,517,47
20021702,356,10
20021703,425,20
20021704,151,11
20021705,244,31
20021706,392,49
20021707,479,41
20021708,441,29
20021709,346,10
20021801,391,50
20021802,460,58
20021803,381,10
20021804,241,21
20021805,227,16
20021806,313,45
20021807,246,17
20021808,316,12
20021901,327,64
20021902,292,5
20021903,296,7
20021904,449,38
20021905,332,20
20021906,388,30
20021907,295,18
20021908,354,12
20020201,211,18
20020202,355,6
20020203,215,9
20020204,180,5
20020205,239,20
20020206,183,7
20020207,127,2
20020208,253,25
20022001,412,29
20022002,414,31
20022003,329,41
20022004,287,82
20022005,232,11
20022006,313,10
20022007,219,24
20022008,269,15
20022101,433,12
20022102,391,40
20022103,344,14
20022104,488,20
20022105,414,51
20022106,429,26
20022201,326,38
20022202,265,14
20022203,194,9
20022204,466,9
20022205,465,57
20022206,534,22
20022301,396,33
20022302,496,13
20022303,425,8
20022304,339,38
20022305,285,8
20022306,193,5
20022307,209,19
20022308,164,17
20022309,412,34
20022401,416,28
20022402,358,13
20022403,322,9
20022404,417,34
20022405,434,60
20022406,418,41
20022501,295,14
20022510,218,79
20022511,395,36
20022502,327,17
20022503,174,3
20022504,385,40
20022505,372,81
20022506,298,50
20022507,329,44
20022508,469,36
20022509,392,13
20020301,384,13
20020302,328,70
20020303,85,2
20020304,175,12
20020305,263,25
20020306,239,33
20020307,320,11
20020308,215,14
20020401,282,25
20020410,396,18
20020402,100,9
20020403,142,4
20020404,182,11
20020405,269,12
20020406,173,13
20020407,217,9
20020408,401,23
20020409,279,35
20020501,247,9
20020502,267,9
20020503,204,44
20020504,223,1
20020505,298,20
20020506,306,20
20020507,298,22
20020508,311,11
20020509,240,9
20020601,149,18
20020610,203,23
20020602,530,30
20020603,203,17
20020604,293,22
20020605,172,6
20020606,265,48
20020607,169,5
20020608,188,31
20020609,258,11
20020701,523,37
20020702,434,39
20020703,316,39
20020704,251,13
20020705,224,17
20020706,262,9
20020707,354,46
20020708,133,21
20020709,264,12
20020801,292,43
20020802,284,18
20020803,407,44
20020804,445,29
20020805,367,30
20020806,538,80
20020807,613,68
20020808,330,20
20020901,345,27
20020902,213,2
20020903,422,24
20020904,415,40
20020905,434,27
20020906,407,30
20020907,447,11
20020908,605,31
20020909,490,29
20030101,404,70
20030110,171,3
20030111,216,6
20030102,371,38
20030103,436,7
20030104,224,17
20030105,274,87
20030106,207,45
20030107,264,64
20030108,160,9
20030109,202,15
20031001,334,42
20031002,299,21
20031003,217,14
20031004,273,5
20031005,178,21
20031006,349,22
20031007,293,36
20031008,240,30
20031101,301,44
20031102,352,80
20031103,276,62
20031104,298,62
20031105,260,54
20031106,369,27
20031107,400,26
20031108,257,8
20031201,284,66
20031210,248,50
20031202,336,60
20031203,251,13
20031204,211,16
20031205,442,31
20031206,35,14
20031207,402,29
20031208,266,19
20031209,182,23
20031301,268,30
20031310,126,36
20031311,234,26
20031302,301,26
20031303,335,34
20031304,167,39
20031305,272,49
20031306,267,46
20031307,204,44
20031308,218,20
20031309,318,27
20031401,296,39
20031410,273,30
20031402,333,52
20031403,409,37
20031404,253,33
20031405,321,40
20031406,457,48
20031407,195,51
20031408,279,29
20031409,31,1
20031501,237,31
20031502,332,35
20031503,256,13
20031504,285,37
20031505,310,60
20031506,305,47
20031507,559,27
20031508,548,39
20031509,105,8
20031601,326,40
20031602,407,79
20031603,294,44
20031604,156,18
20031605,203,32
20031606,190,72
20031607,283,23
20031608,275,47
20031609,439,53
20031701,229,28
20031702,282,38
20031703,195,7
20031704,268,57
20031705,228,33
20031706,273,45
20031707,299,39
20031708,277,72
20031709,201,41
20031801,183,66
20031810,153,41
20031811,221,19
20031802,241,48
20031803,139,47
20031804,314,40
20031805,129,40
20031806,207,35
20031807,221,51
20031808,221,24
20031809,351,30
20031901,365,108
20031910,214,17
20031902,127,11
20031903,249,44
20031904,265,24
20031905,254,44
20031906,286,37
20031907,289,20
20031908,400,53
20031909,240,52
20030201,280,40
20030210,167,1
20030211,221,32
20030212,280,18
20030202,307,24
20030203,280,36
20030204,240,43
20030205,301,35
20030206,330,19
20030207,370,24
20030208,309,29
20030209,250,25
20032001,255,20
20032010,244,42
20032011,198,40
20032002,391,13
20032003,289,23
20032004,256,30
20032005,172,53
20032006,168,17
20032007,293,40
20032008,214,39
20032009,407,46
20032101,356,18
20032110,314,86
20032102,364,22
20032103,262,22
20032104,323,16
20032105,194,14
20032106,340,26
20032107,196,2
20032108,271,33
20032109,118,68
20032201,245,44
20032202,256,35
20032203,163,10
20032204,156,52
20032205,325,32
20032206,205,16
20032207,269,36
20032208,327,36
20032209,315,53
20032301,279,24
20032310,301,61
20032302,304,25
20032303,292,52
20032304,166,19
20032305,284,7
20032306,192,32
20032307,217,26
20032308,270,62
20032309,262,52
20032401,267,25
20032402,261,28
20032403,256,16
20032404,269,32
20032405,202,18
20032406,301,58
20032407,258,34
20032408,246,53
20032409,141,42
20032501,448,59
20032502,239,20
20032503,156,20
20032504,226,32
20032505,180,22
20032506,248,69
20032507,193,30
20032508,596,98
20032509,296,16
20032601,330,32
20032602,336,69
20032603,290,37
20032604,210,13
20032605,286,36
20032606,178,43
20032607,248,48
20032608,225,15
20032609,233,31
20032701,328,46
20032702,257,29
20032703,297,25
20032704,259,45
20032705,239,57
20032706,226,30
20032707,296,22
20030301,438,14
20030310,243,20
20030311,305,0
20030302,288,79
20030303,221,23
20030304,198,7
20030305,189,45
20030306,285,8
20030307,293,7
20030308,253,7
20030309,147,7
20030401,283,25
20030402,191,17
20030403,259,14
20030404,264,22
20030405,252,14
20030406,257,38
20030407,216,48
20030408,228,6
20030501,337,32
20030502,223,60
20030503,414,35
20030504,218,30
20030505,308,16
20030506,184,19
20030507,338,12
20030601,321,30
20030602,137,4
20030603,248,45
20030604,280,17
20030605,220,83
20030606,184,66
20030607,267,37
20030701,130,3
20030702,362,22
20030703,392,40
20030704,330,26
20030705,252,12
20030706,269,10
20030707,450,18
20030708,140,19
20030709,354,36
20030801,285,29
20030810,205,9
20030802,106,100
20030803,296,33
20030804,194,16
20030805,177,20
20030806,164,33
20030807,134,31
20030808,194,3
20030809,288,7
20030901,273,107
20030910,251,40
20030902,160,39
20030903,314,15
20030904,345,30
20030905,181,25
20030906,178,15
20030907,167,47
20030908,172,38
20030909,332,23
20040101,165,19
20040110,112,36
20040111,122,45
20040112,139,32
20040113,85,42
20040114,136,68
20040102,156,40
20040103,132,28
20040104,106,69
20040105,95,68
20040106,74,44
20040107,119,32
20040108,171,47
20040109,145,31
20041001,1,10
20041006,86,173
20042401,94,277
20042402,110,383
20042403,56,249
20042404,94,373
20042405,42,147
20042503,171,633
20042406,38,302
20041002,178,355
20041003,123,343
20041004,20,85
20041005,153,283
20042603,52,137
20042601,18,99
20041008,54,348
20041007,44,188
20041101,176,33
20041102,280,26
20041103,230,44
20041104,211,36
20041105,137,24
20041106,207,60
20041107,167,129
20041108,247,38
20041109,96,134
20041201,103,38
20041210,248,17
20041211,244,12
20041212,186,24
20041202,151,37
20041203,264,37
20041204,190,43
20041205,181,34
20041206,146,51
20041207,89,24
20041208,171,11
20041209,279,23
20041301,321,27
20041310,198,2
20041311,331,114
20041302,232,8
20041303,229,16
20041304,192,27
20041305,319,39
20041306,154,16
20041307,362,34
20041308,166,8
20041309,166,3
20041401,231,32
20041402,212,43
20041403,227,46
20041404,463,30
20041405,274,14
20041406,204,3
20041407,228,53
20041408,339,14
20041409,227,23
20041501,210,45
20041510,171,10
20041502,584,32
20041503,433,48
20041504,258,33
20041505,208,8
20041506,210,28
20041507,239,29
20041508,235,35
20041509,227,16
20041601,244,9
20041610,250,23
20041602,810,69
20041603,418,8
20041604,202,45
20041605,328,53
20041606,234,8
20041607,139,8
20041608,189,23
20041609,403,21
20041701,216,1
20041710,212,49
20041702,228,9
20041703,180,35
20041704,247,44
20041705,296,32
20041706,269,7
20041707,241,14
20041708,258,88
20041709,302,29
20041801,9,33
20041901,169,74
20041910,207,50
20041902,212,28
20041903,224,97
20041904,259,73
20041905,223,33
20041906,206,137
20041907,150,115
20041908,94,147
20041909,161,146
20040201,187,82
20040210,193,80
20040202,206,66
20040203,281,76
20040204,172,67
20040205,162,50
20040206,185,63
20040207,236,57
20040208,117,59
20040209,144,60
20042001,190,82
20042010,229,112
20042011,252,65
20042012,408,49
20042002,216,28
20042003,165,89
20042004,138,81
20042005,142,68
20042006,199,102
20042007,233,48
20042008,176,65
20042009,214,69
20042101,159,78
20042110,82,143
20042102,137,104
20042103,150,46
20042104,128,107
20042105,168,68
20042106,164,98
20042107,201,45
20042108,183,107
20042109,110,124
20042201,235,11
20042210,214,12
20042211,247,7
20042212,178,18
20042202,237,52
20042203,337,9
20042204,478,8
20042205,219,46
20042206,254,0
20042207,363,15
20042208,306,42
20042209,205,34
20042301,208,53
20042310,156,70
20042311,154,27
20042312,118,83
20042302,200,75
20042303,175,68
20042304,187,71
20042305,196,16
20042306,251,48
20042307,174,51
20042308,236,50
20042309,95,26
20040301,273,46
20040310,243,28
20040311,239,52
20040312,273,48
20040313,123,47
20040302,234,47
20040303,178,28
20040304,236,54
20040305,263,56
20040306,237,35
20040307,158,54
20040308,188,75
20040309,138,34
20040401,209,24
20040410,204,57
20040411,206,71
20040402,276,17
20040403,237,64
20040404,272,48
20040405,310,48
20040406,209,64
20040407,286,35
20040408,237,24
20040409,201,54
20040501,333,27
20040510,250,107
20040511,234,70
20040502,210,28
20040503,302,17
20040504,211,39
20040505,147,51
20040506,303,40
20040507,208,24
20040508,193,48
20040509,487,103
20040601,353,51
20040610,164,47
20040611,217,22
20040602,270,22
20040603,220,38
20040604,249,48
20040605,235,21
20040606,286,83
20040607,240,46
20040608,256,45
20040609,254,15
20040701,252,42
20040710,232,42
20040711,146,42
20040712,210,24
20040702,242,21
20040703,201,37
20040704,708,42
20040705,271,22
20040706,230,43
20040707,300,12
20040708,242,39
20040709,209,34
20040801,268,29
20040810,156,50
20040811,185,69
20040802,272,34
20040803,209,28
20040804,215,38
20040805,242,24
20040806,245,28
20040807,450,324
20040808,57,39
20040809,207,65
20040901,167,93
20040902,136,89
20040903,110,49
20040904,104,41
20040905,138,51
20040906,223,53
20040907,205,44
20050101,235,15
20050110,295,5
20050102,350,20
20050103,308,17
20050104,260,47
20050105,414,34
20050106,181,24
20050107,293,9
20050108,286,30
20050109,337,7
20051001,483,38
20051010,239,13
20051002,508,22
20051003,131,23
20051004,233,9
20051005,232,32
20051006,285,20
20051007,478,60
20051008,260,37
20051009,270,46
20051101,465,49
20051110,324,23
20051102,321,56
20051103,245,27
20051104,289,28
20051105,275,21
20051106,278,32
20051107,408,45
20051108,235,81
20051109,387,64
20051201,218,32
20051202,792,31
20051203,345,60
20051204,273,34
20051205,181,6
20051206,608,119
20051207,263,61
20051301,365,27
20051302,289,30
20051303,301,47
20051304,241,35
20051305,272,30
20051306,333,30
20051307,301,15
20051308,404,13
20051309,399,13
20051401,262,6
20051402,321,21
20051403,480,52
20051404,402,13
20051405,616,81
20051406,478,34
20051407,144,21
20051408,247,20
20051409,330,28
20051501,451,37
20051502,451,56
20051503,227,11
20051504,521,27
20051505,410,40
20051506,257,18
20051507,231,54
20051508,188,24
20051509,153,8
20051601,298,35
20051610,303,81
20051611,361,39
20051602,258,15
20051603,184,21
20051604,298,74
20051605,311,46
20051606,248,44
20051607,209,22
20051608,341,29
20051609,328,49
20051701,260,22
20051710,246,26
20051711,361,28
20051702,328,17
20051703,254,19
20051704,248,37
20051705,291,15
20051706,306,19
20051707,266,59
20051708,309,25
20051709,241,6
20051801,362,42
20051810,285,36
20051811,268,36
20051802,271,48
20051803,313,24
20051804,226,28
20051805,266,62
20051806,216,23
20051807,294,10
20051808,132,15
20051809,229,37
20051901,293,42
20051910,315,36
20051911,296,30
20051902,254,21
20051903,371,24
20051904,295,92
20051905,291,29
20051906,303,18
20051907,167,28
20051908,389,17
20051909,278,13
20050201,261,59
20050210,266,25
20050211,356,27
20050202,234,28
20050203,282,15
20050204,413,14
20050205,211,9
20050206,170,55
20050207,181,59
20050208,371,60
20050209,295,29
20052001,241,67
20052010,323,53
20052011,225,47
20052012,190,48
20052002,345,54
20052003,280,80
20052004,275,31
20052005,293,27
20052006,241,33
20052007,224,55
20052008,211,54
20052009,271,34
20052101,341,31
20052110,209,19
20052111,222,19
20052102,275,63
20052103,197,11
20052104,318,17
20052105,225,39
20052106,243,81
20052107,203,38
20052108,205,35
20052109,182,49
20052201,226,22
20052210,231,35
20052211,249,44
20052212,218,60
20052213,173,38
20052202,231,53
20052203,200,32
20052204,321,30
20052205,234,40
20052206,258,18
20052207,688,23
20052208,164,46
20052209,238,26
20050301,299,14
20050310,201,24
20050311,329,54
20050302,441,38
20050303,105,33
20050304,187,40
20050305,285,33
20050306,273,24
20050307,211,82
20050308,149,13
20050309,282,21
20050401,362,47
20050402,314,28
20050403,266,17
20050404,258,17
20050405,289,41
20050406,485,16
20050407,220,30
20050408,475,20
20050409,300,30
20050501,320,15
20050502,549,14
20050503,329,21
20050504,259,28
20050505,208,32
20050506,290,23
20050507,377,42
20050508,307,15
20050601,295,6
20050602,350,55
20050603,404,31
20050604,600,47
20050605,476,66
20050606,342,22
20050607,369,25
20050608,346,30
20050701,487,27
20050702,188,20
20050703,258,11
20050704,509,82
20050705,503,95
20050706,248,43
20050707,185,11
20050708,297,73
20050801,462,83
20050802,305,12
20050803,460,33
20050804,397,49
20050805,171,1
20050806,365,20
20050807,354,39
20050808,312,36
20050809,302,24
20050901,395,56
20050910,293,40
20050902,269,6
20050903,243,22
20050904,205,26
20050905,250,7
20050906,213,27
20050907,197,21
20050908,425,28
20050909,415,9
20060101,179,23
20060110,135,7
20060111,225,20
20060112,208,40
20060102,276,29
20060103,330,7
20060104,238,29
20060105,397,25
20060106,304,36
20060107,223,21
20060108,272,35
20060109,183,16
20061001,282,17
20061010,454,3
20061002,267,18
20061003,364,12
20061004,275,50
20061005,413,37
20061006,407,42
20061007,292,15
20061008,521,32
20061009,238,7
20061101,407,14
20061110,207,20
20061102,224,10
20061103,357,8
20061104,329,12
20061105,228,19
20061106,286,13
20061107,304,21
20061108,348,16
20061109,261,14
20061201,230,26
20061210,231,4
20061211,349,16
20061212,198,3
20061202,195,8
20061203,249,30
20061204,182,9
20061205,354,28
20061206,229,12
20061207,321,16
20061208,276,25
20061209,289,59
20061301,297,6
20061302,555,29
20061303,290,3
20061304,429,27
20061305,344,10
20061306,248,18
20061307,340,23
20061308,409,60
20061309,390,19
20061401,361,16
20061410,366,20
20061402,218,31
20061403,337,38
20061404,490,35
20061405,396,5
20061406,465,18
20061407,226,6
20061408,207,9
20061409,275,30
20061501,271,11
20061510,279,20
20061502,701,50
20061503,346,10
20061504,247,19
20061505,319,1
20061506,255,24
20061507,286,44
20061508,402,37
20061509,210,14
20061601,268,13
20061610,454,35
20061611,361,23
20061602,268,8
20061603,362,22
20061604,283,20
20061605,315,44
20061606,346,65
20061607,340,41
20061608,460,47
20061609,387,22
20061701,403,13
20061702,399,18
20061703,284,20
20061704,341,14
20061705,744,56
20061706,481,26
20061707,260,13
20061801,234,25
20061802,210,32
20061803,217,35
20061804,298,8
20061805,363,17
20061806,387,38
20061807,478,17
20061808,457,47
20061809,386,6
20061901,360,21
20061902,595,37
20061903,556,41
20061904,417,15
20061905,279,24
20061906,396,36
20061907,418,22
20061908,404,18
20060201,344,29
20060210,303,16
20060211,386,29
20060202,310,16
20060203,218,14
20060204,231,13
20060205,212,8
20060206,319,10
20060207,327,18
20060208,333,21
20060209,210,40
20062001,200,8
20062010,369,10
20062002,243,10
20062003,422,22
20062004,244,11
20062005,360,15
20062006,342,16
20062007,248,6
20062008,467,8
20062009,292,23
20062101,252,37
20062110,350,12
20062111,308,70
20062102,412,38
20062103,412,34
20062104,235,25
20062105,301,24
20062106,166,63
20062107,319,50
20062108,406,48
20062109,270,19
20060301,305,43
20060310,352,31
20060302,256,41
20060303,259,56
20060304,224,19
20060305,238,18
20060306,323,24
20060307,351,9
20060308,277,20
20060309,363,63
20060401,180,19
20060410,294,42
20060411,316,26
20060402,202,21
20060403,297,31
20060404,294,18
20060405,253,32
20060406,280,28
20060407,220,14
20060408,314,40
20060409,283,30
20060501,324,51
20060510,338,45
20060511,394,9
20060512,147,11
20060502,426,23
20060503,319,47
20060504,268,23
20060505,351,24
20060506,287,13
20060507,274,29
20060508,195,8
20060509,226,10
20060601,482,55
20060602,723,58
20060603,499,3
20060604,213,12
20060605,192,7
20060606,323,6
20060607,325,23
20060608,364,41
20060609,341,11
20060701,247,33
20060710,291,21
20060711,257,2
20060712,212,48
20060713,223,8
20060702,308,27
20060703,259,18
20060704,313,46
20060705,305,52
20060706,250,6
20060707,368,22
20060708,248,37
20060709,243,74
20060801,287,65
20060810,303,22
20060802,362,85
20060803,226,8
20060804,285,3
20060805,205,21
20060806,463,37
20060807,283,21
20060808,369,22
20060809,229,24
20060901,287,8
20060910,300,19
20060902,248,10
20060903,259,19
20060904,418,9
20060905,161,7
20060906,335,42
20060907,242,4
20060908,189,4
20060909,330,30
20070101,169,28
20070110,330,35
20070102,248,36
20070103,270,32
20070104,191,45
20070105,146,16
20070106,186,31
20070107,153,16
20070108,275,23
20070109,246,21
20071001,272,29
20071010,287,30
20071002,158,20
20071003,215,37
20071004,280,9
20071005,217,22
20071006,322,25
20071007,293,42
20071008,385,38
20071009,263,36
20071101,271,33
20071110,234,7
20071102,384,15
20071103,327,34
20071104,355,20
20071105,205,20
20071106,255,11
20071107,481,8
20071108,404,40
20071109,348,15
20071201,388,29
20071202,197,16
20071203,242,32
20071204,288,24
20071205,269,23
20071206,279,16
20071207,186,25
20071208,163,37
20071209,248,34
20071301,278,35
20071310,168,24
20071311,236,12
20071312,197,13
20071313,178,13
20071314,189,15
20071315,173,9
20071302,263,27
20071303,364,26
20071304,206,7
20071305,298,28
20071306,248,12
20071307,189,7
20071308,168,19
20071309,148,13
20071401,248,40
20071410,186,39
20071411,270,30
20071412,276,31
20071413,197,26
20071402,267,29
20071403,217,19
20071404,225,19
20071405,221,42
20071406,305,37
20071407,233,24
20071408,237,35
20071409,233,37
20071501,123,42
20071510,215,72
20071511,237,79
20071502,221,32
20071503,223,73
20071504,197,25
20071505,192,31
20071506,316,14
20071507,224,56
20071508,195,38
20071509,336,17
20071601,225,17
20071602,199,32
20071603,208,21
20071604,141,41
20071605,210,48
20071606,260,43
20071607,226,66
20071608,300,38
20071609,248,49
20071701,157,171
20071710,42,172
20071711,19,68
20071702,49,248
20071703,61,146
20071704,53,193
20071705,15,85
20071706,161,191
20071707,61,393
20071708,47,103
20071709,68,261
20071801,56,286
20071810,76,256
20071802,20,99
20071803,94,136
20071804,18,101
20071805,20,85
20071806,88,192
20071807,66,189
20071808,36,183
20071901,74,97
20071906,281,141
20070201,236,38
20070202,300,55
20070203,246,42
20070204,495,97
20070205,313,38
20070206,340,34
20070207,224,15
20070208,272,20
20070209,371,11
20072001,338,29
20072010,261,67
20072011,263,46
20072012,166,39
20072013,389,173
20072002,163,21
20072003,213,27
20072004,152,28
20072005,234,29
20072006,213,56
20072007,177,27
20072008,391,26
20072009,210,53
20072101,347,49
20072110,317,34
20072111,278,16
20072112,233,23
20072102,425,17
20072103,373,46
20072104,232,5
20072105,212,26
20072106,397,14
20072107,284,12
20072108,161,11
20072109,238,48
20072201,277,8
20072210,225,35
20072211,260,20
20072212,219,34
20072213,247,36
20072202,307,35
20072203,334,21
20072204,344,26
20072205,332,42
20072206,311,18
20072207,194,19
20072208,204,28
20072209,208,11
20072301,265,20
20072302,349,22
20072303,265,49
20072304,244,21
20072305,226,42
20072306,227,46
20072307,268,28
20072308,231,26
20072309,239,29
20072401,298,43
20072410,245,58
20072411,309,45
20072402,233,44
20072403,277,69
20072404,322,49
20072405,282,51
20072406,324,30
20072407,231,30
20072408,273,41
20072409,284,41
20070301,256,40
20070310,402,17
20070302,304,38
20070303,427,31
20070304,326,19
20070305,280,23
20070306,287,24
20070307,389,49
20070308,269,26
20070309,213,55
20070401,341,172
20070410,341,18
20070402,302,2
20070403,374,27
20070404,510,15
20070405,260,18
20070406,273,13
20070407,326,19
20070408,259,8
20070409,192,18
20070501,296,36
20070502,209,9
20070503,270,29
20070504,416,36
20070505,430,21
20070506,256,11
20070507,252,12
20070508,296,41
20070509,371,59
20070601,354,16
20070602,238,2
20070603,192,40
20070604,258,16
20070605,369,41
20070606,317,29
20070607,361,16
20070608,174,9
20070609,261,9
20070701,231,13
20070710,347,2
20070711,276,4
20070702,143,53
20070703,408,0
20070704,228,6
20070705,249,11
20070706,302,51
20070707,159,57
20070708,201,16
20070709,349,28
20070801,298,4
20070802,301,38
20070803,228,18
20070804,287,60
20070805,333,30
20070806,301,63
20070807,287,27
20070808,327,27
20070901,239,8
20070910,287,14
20070911,206,18
20070902,242,31
20070903,219,4
20070904,299,29
20070905,175,21
20070906,341,7
20070907,297,24
20070908,330,47
20070909,248,30
20080101,179,81
20080110,99,293
20080111,7,60
20080112,190,684
20080102,175,253
20080103,88,169
20080104,47,352
20080105,99,280
20080106,111,297
20080107,119,241
20080108,182,156
20080109,199,373
20081001,215,27
20081002,199,22
20081003,244,131
20081004,591,108
20081005,713,92
20081006,462,69
20081007,459,74
20081008,288,21
20081101,595,220
20081102,436,235
20081103,819,179
20081104,487,127
20081105,327,117
20081201,229,64
20081202,287,43
20081203,267,49
20081204,173,53
20081205,270,44
20081206,200,40
20081207,187,54
20081301,3,8
20081302,77,19
20081303,176,72
20081304,199,67
20081305,222,56
20081306,161,33
20081307,176,50
20081308,207,63
20081401,122,196
20081410,142,91
20081402,111,139
20081403,122,178
20081404,217,393
20081405,234,84
20081406,158,41
20081407,198,73
20081408,186,55
20081409,166,63
20081501,63,400
20081510,269,72
20081502,68,417
20081503,55,68
20081504,17,80
20081505,265,348
20081506,39,143
20081507,52,165
20081508,63,211
20081509,142,118
20081601,201,84
20081610,183,65
20081602,162,3
20081603,208,72
20081604,192,64
20081605,202,66
20081606,188,67
20081607,189,67
20081608,188,16
20081609,242,26
20080201,230,137
20080210,135,40
20080202,132,29
20080203,104,50
20080204,155,88
20080205,123,50
20080206,129,111
20080207,304,92
20080208,235,47
20080209,209,51
20080301,203,58
20080310,110,193
20080302,198,50
20080303,142,30
20080304,177,52
20080305,182,33
20080306,90,30
20080307,180,25
20080308,53,369
20080309,112,253
20080401,185,61
20080410,245,51
20080411,190,36
20080402,147,26
20080403,168,34
20080404,198,16
20080405,228,81
20080406,269,69
20080407,188,65
20080408,206,59
20080409,221,23
20080501,226,41
20080510,373,35
20080511,285,30
20080502,195,56
20080503,187,58
20080504,240,42
20080505,142,28
20080506,199,63
20080507,222,97
20080508,142,62
20080509,249,19
20080601,252,46
20080610,151,38
20080611,110,51
20080602,347,42
20080603,339,58
20080604,157,26
20080605,244,64
20080606,171,43
20080607,135,61
20080608,195,36
20080609,235,29
20080701,123,168
20080710,21,139
20080711,95,226
20080712,195,122
20080713,113,140
20080702,120,248
20080703,89,259
20080704,42,260
20080705,117,336
20080706,39,199
20080707,110,365
20080708,53,321
20080801,228,34
20080810,225,25
20080811,248,83
20080802,240,30
20080803,195,22
20080804,278,21
20080805,214,20
20080806,264,35
20080807,252,28
20080808,157,25
20080809,175,20
20080901,216,43
20080902,222,50
20080903,306,40
20080904,151,10
20080905,281,38
20080906,196,80
20080907,201,42
20080908,196,20
20080909,261,30
20090101,195,9
20090102,160,20
20090103,236,11
20090104,239,14
20090105,252,26
20090106,198,40
20090107,202,47
20090108,230,30
20090109,327,14
20091001,237,51
20091010,270,32
20091011,228,12
20091012,180,42
20091002,289,29
20091003,251,61
20091004,210,19
20091005,283,50
20091006,210,20
20091007,208,24
20091008,295,18
20091009,147,20
20091101,344,58
20091110,257,28
20091111,277,27
20091112,310,55
20091102,290,54
20091103,241,30
20091104,300,44
20091105,335,34
20091106,233,64
20091107,321,36
20091108,253,22
20091109,228,46
20091201,258,66
20091210,272,61
20091211,230,63
20091212,175,30
20091202,137,31
20091203,222,41
20091204,231,40
20091205,206,49
20091206,252,64
20091207,209,33
20091208,257,55
20091209,231,49
20091301,218,46
20081703,225,88
20081702,202,19
20091302,359,16
20091303,299,61
20091304,192,35
20091305,229,59
20091306,139,45
20081705,161,9
20081701,140,56
20081704,214,74
20091401,246,95
20091410,85,315
20091402,238,32
20091403,192,39
20091404,114,70
20091405,95,229
20091406,164,379
20091407,63,190
20091408,74,259
20091409,111,69
20091501,165,33
20091510,167,41
20091511,225,58
20091502,189,37
20091503,202,65
20091504,168,72
20091505,253,59
20091506,277,27
20091507,288,31
20091508,194,62
20091509,221,36
20091601,246,36
20091610,247,38
20091611,208,30
20091612,240,14
20091613,235,49
20091602,253,41
20091603,154,27
20091604,171,54
20091605,168,57
20091606,255,51
20091607,246,63
20091608,221,52
20091609,265,55
20090201,322,24
20090210,261,32
20090211,312,25
20090212,194,23
20090202,247,47
20090203,308,13
20090204,364,49
20090205,382,20
20090206,226,18
20090207,270,24
20090208,217,22
20090209,343,10
20090301,226,19
20090310,253,19
20090311,242,33
20090312,175,13
20090313,217,38
20090302,215,28
20090303,223,1
20090304,213,19
20090305,234,21
20090306,280,12
20090307,299,6
20090308,253,14
20090309,217,29
20090401,290,46
20090410,225,10
20090411,301,29
20090402,230,74
20090403,290,45
20090404,291,25
20090405,260,42
20090406,204,37
20090407,227,28
20090408,228,26
20090409,217,26
20090501,251,40
20090510,274,36
20090511,267,25
20090502,254,44
20090503,232,22
20090504,259,31
20090505,350,24
20090506,280,24
20090507,247,55
20090508,238,32
20090509,266,58
20090601,335,62
20090610,284,32
20090611,239,35
20090612,230,36
20090602,220,30
20090603,306,58
20090604,293,44
20090605,342,30
20090606,213,37
20090607,328,36
20090608,227,46
20090609,351,8
20090701,234,27
20090710,197,37
20090711,229,42
20090712,263,36
20090713,282,32
20090714,239,44
20090702,266,30
20090703,200,13
20090704,222,15
20090705,229,23
20090706,235,35
20090707,192,27
20090708,227,42
20090709,267,28
20090801,209,55
20090810,239,59
20090811,227,62
20090812,250,65
20090813,161,37
20090802,250,27
20090803,255,27
20090804,250,30
20090805,257,66
20090806,288,55
20090807,224,76
20090808,262,59
20090809,200,32
20090901,238,23
20090910,221,49
20090911,189,58
20090912,161,57
20090913,152,43
20090914,262,44
20090902,191,51
20090903,295,78
20090904,152,34
20090905,194,50
20090906,234,62
20090907,248,46
20090908,157,22
20090909,200,40
20091307,274,73
20010202,19,95
20010201,13,121
20010204,13,97
20010203,8,90
20010205,15,66
20010206,19,155
20010208,9,123
20010211,30,139
20010212,70,250
20010213,17,102
20010214,26,139
20010215,30,114
20010217,18,132
20010218,10,112
20010210,6,50
20010207,6,61
20010209,13,84
20010219,16,77
20010216,74,289
20010301,4,154
20010302,14,131
20010303,6,156
20010323,18,242
20010322,11,177
20010304,6,112
20010319,31,266
20010320,1,103
20010318,15,157
20010317,30,134
20010305,20,186
20010307,14,92
20010306,32,213
20010316,29,169
20010315,35,209
20010314,26,104
20010313,15,76
20010308,40,193
20010309,42,297
20010321,7,90
20011302,51,8
20011303,20,0
20011306,81,14
20011305,140,10
20011308,141,14
20011307,233,3
20011312,133,5
20011315,0,0
20011314,65,496
20121614,166,4
20150301,243,43
20130205,265,58
20130211,275,17
20021604,265,13
20010918,149,12
20011212,77,12
20071902,127,131
20071903,127,105
20071904,175,102
20071905,158,137
20041009,101,458
20042501,57,523
20042502,171,303
20042504,39,401
20042602,187,58
20080714,7,228
20080709,68,411
20140501,286,65
20140502,342,14
20140503,361,46
20042111,176,78
20042112,134,51
20010312,19,140
20010311,20,184
20010310,30,198
20071811,53,146
20071809,67,191
