link,coarser_level
20010101,01
20011201,01
20011210,01
20011211,01
20011202,01
20011203,01
20011204,01
20011205,01
20011206,01
20011207,01
20011208,01
20011209,01
20011301,01
20011304,01
20011313,01
20011309,01
20011310,01
20011311,01
20011401,01
20011410,01
20011411,01
20011412,01
20011402,01
20011403,01
20011404,01
20011405,01
20011406,01
20011407,01
20011408,01
20011409,01
20011501,01
20011510,01
20011511,01
20011502,01
20011503,01
20011504,01
20011505,01
20011506,01
20011507,01
20011508,01
20011509,01
20011601,01
20011610,01
20011611,01
20011612,01
20011602,01
20011603,01
20011604,01
20011605,01
20011606,01
20011607,01
20011608,01
20011609,01
20011701,01
20011710,01
20011711,01
20011702,01
20011703,01
20011704,01
20011705,01
20011706,01
20011707,01
20011708,01
20011709,01
20011801,01
20011802,01
20011803,01
20011804,01
20011805,01
20011806,01
20011807,01
20011808,01
20011809,01
20011901,01
20011902,01
20011903,01
20011904,01
20011905,01
20011906,01
20011907,01
20011908,01
20011909,01
20012001,01
20012010,01
20012002,01
20012003,01
20012004,01
20012005,01
20012006,01
20012007,01
20012008,01
20012009,01
20012101,01
20012110,01
20012102,01
20012103,01
20012104,01
20012105,01
20012106,01
20012107,01
20012108,01
20012109,01
20010401,01
20010402,01
20010403,01
20010404,01
20010405,01
20010406,01
20010407,01
20010408,01
20012201,01
20012210,01
20012202,01
20012203,01
20012204,01
20012205,01
20012206,01
20012207,01
20012208,01
20012209,01
20012301,01
20012310,01
20012302,01
20012303,01
20012304,01
20012305,01
20012306,01
20012307,01
20012308,01
20012309,01
20012401,01
20012402,01
20012403,01
20012404,01
20012405,01
20012406,01
20012407,01
20012408,01
20012501,01
20012510,01
20012511,01
20012502,01
20012503,01
20012504,01
20012505,01
20012506,01
20012507,01
20012508,01
20012509,01
20012601,01
20012602,01
20012603,01
20012604,01
20012605,01
20012606,01
20012607,01
20012608,01
20012609,01
20012701,01
20012710,01
20012702,01
20012703,01
20012704,01
20012705,01
20012706,01
20012707,01
20012708,01
20012709,01
20012801,01
20012810,01
20012811,01
20012812,01
20012813,01
20012802,01
20012803,01
20012804,01
20012805,01
20012806,01
20012807,01
20012808,01
20012809,01
20012901,01
20012902,01
20012903,01
20012904,01
20012905,01
20012906,01
20012907,01
20012908,01
20012909,01
20010501,01
20010502,01
20010503,01
20010504,01
20010505,01
20010506,01
20010507,01
20010601,01
20010610,01
20010602,01
20010603,01
20010604,01
20010605,01
20010606,01
20010607,01
20010608,01
20010609,01
20010701,01
20010710,01
20010711,01
20010712,01
20010713,01
20010702,01
20010703,01
20010704,01
20010705,01
20010706,01
20010707,01
20010708,01
20010709,01
20010801,01
20010810,01
20010802,01
20010803,01
20010804,01
20010805,01
20010806,01
20010807,01
20010808,01
20010809,01
20010901,01
20010910,01
20010911,01
20010912,01
20010913,01
20010914,01
20010915,01
20010916,01
20010917,01
20010919,01
20010902,01
20010903,01
20010904,01
20010905,01
20010906,01
20010907,01
20010908,01
20010909,01
20011001,01
20011010,01
20011011,01
20011012,01
20011013,01
20011014,01
20011002,01
20011003,01
20011004,01
20011005,01
20011006,01
20011007,01
20011008,01
20011009,01
20011101,01
20011110,01
20011111,01
20011112,01
20011113,01
20011114,01
20011102,01
20011103,01
20011104,01
20011105,01
20011106,01
20011107,01
20011108,01
20011109,01
20100101,10
20100102,10
20100103,10
20100104,10
20100105,10
20100106,10
20100107,10
20100108,10
20101001,10
20101010,10
20101011,10
20101012,10
20101002,10
20101003,10
20101004,10
20101005,10
20101006,10
20101007,10
20101008,10
20101009,10
20101101,10
20101110,10
20101111,10
20101102,10
20101103,10
20101104,10
20101105,10
20101106,10
20101107,10
20101108,10
20101109,10
20101201,10
20101210,10
20101202,10
20101203,10
20101204,10
20101205,10
20101206,10
20101207,10
20101208,10
20101209,10
20101301,10
20101310,10
20101311,10
20101312,10
20101302,10
20101303,10
20101304,10
20101305,10
20101306,10
20101307,10
20101308,10
20101309,10
20101401,10
20101410,10
20101411,10
20101402,10
20101403,10
20101404,10
20101405,10
20101406,10
20101407,10
20101408,10
20101409,10
20101501,10
20101502,10
20101503,10
20101504,10
20101505,10
20101506,10
20101507,10
20101508,10
20101509,10
20101601,10
20101602,10
20101603,10
20101604,10
20101605,10
20101606,10
20101607,10
20101608,10
20101609,10
20101701,10
20101710,10
20101702,10
20101703,10
20101704,10
20101705,10
20101706,10
20101707,10
20101708,10
20101709,10
20101801,10
20101810,10
20101811,10
20101812,10
20101802,10
20101803,10
20101804,10
20101805,10
20101806,10
20101807,10
20101808,10
20101809,10
20101901,10
20101910,10
20101911,10
20101912,10
20101902,10
20101903,10
20101904,10
20101905,10
20101906,10
20101907,10
20101908,10
20101909,10
20100201,10
20100202,10
20100203,10
20100204,10
20100205,10
20100206,10
20100207,10
20100208,10
20100301,10
20100302,10
20100303,10
20100304,10
20100305,10
20100306,10
20100307,10
20100308,10
20100401,10
20100402,10
20100403,10
20100404,10
20100405,10
20100406,10
20100407,10
20100408,10
20100409,10
20100501,10
20100510,10
20100511,10
20100512,10
20100513,10
20100514,10
20100502,10
20100503,10
20100504,10
20100505,10
20100506,10
20100507,10
20100508,10
20100509,10
20100601,10
20100610,10
20100611,10
20100612,10
20100613,10
20100602,10
20100603,10
20100604,10
20100605,10
20100606,10
20100607,10
20100608,10
20100609,10
20100701,10
20100710,10
20100702,10
20100703,10
20100704,10
20100705,10
20100706,10
20100707,10
20100708,10
20100709,10
20100801,10
20100802,10
20100803,10
20100804,10
20100805,10
20100806,10
20100807,10
20100808,10
20100809,10
20100901,10
20100910,10
20100902,10
20100903,10
20100904,10
20100905,10
20100906,10
20100907,10
20100908,10
20100909,10
20110101,11
20110110,11
20110111,11
20110112,11
20110102,11
20110103,11
20110104,11
20110105,11
20110106,11
20110107,11
20110108,11
20110109,11
20111001,11
20111010,11
20111002,11
20111003,11
20111004,11
20111005,11
20111006,11
20111007,11
20111008,11
20111009,11
20111101,11
20111102,11
20111103,11
20111104,11
20111105,11
20111106,11
20111107,11
20111108,11
20111109,11
20111201,11
20111210,11
20111202,11
20111203,11
20111204,11
20111205,11
20111206,11
20111207,11
20111208,11
20111209,11
20111301,11
20111310,11
20111311,11
20111302,11
20111303,11
20111304,11
20111305,11
20111306,11
20111307,11
20111308,11
20111309,11
20111401,11
20111402,11
20111403,11
20111404,11
20111405,11
20111406,11
20111407,11
20111501,11
20111510,11
20111511,11
20111502,11
20111503,11
20111504,11
20111505,11
20111506,11
20111507,11
20111508,11
20111509,11
20111601,11
20111610,11
20111602,11
20111603,11
20111604,11
20111605,11
20111606,11
20111607,11
20111608,11
20111609,11
20111701,11
20111702,11
20111703,11
20111704,11
20111705,11
20111706,11
20111707,11
20111708,11
20111801,11
20111802,11
20111803,11
20111804,11
20111805,11
20111806,11
20111807,11
20111808,11
20111809,11
20111901,11
20111902,11
20111903,11
20111904,11
20111905,11
20111906,11
20111907,11
20111908,11
20111909,11
20110201,11
20110210,11
20110211,11
20110202,11
20110203,11
20110204,11
20110205,11
20110206,11
20110207,11
20110208,11
20110209,11
20112001,11
20112010,11
20112011,11
20112002,11
20112003,11
20112004,11
20112005,11
20112006,11
20112007,11
20112008,11
20112009,11
20112101,11
20112110,11
20112111,11
20112102,11
20112103,11
20112104,11
20112105,11
20112106,11
20112107,11
20112108,11
20112109,11
20112201,11
20112210,11
20112211,11
20112202,11
20112203,11
20112204,11
20112205,11
20112206,11
20112207,11
20112208,11
20112209,11
20110301,11
20110310,11
20110311,11
20110312,11
20110302,11
20110303,11
20110304,11
20110305,11
20110306,11
20110307,11
20110308,11
20110309,11
20110401,11
20110410,11
20110411,11
20110412,11
20110413,11
20110402,11
20110403,11
20110404,11
20110405,11
20110406,11
20110407,11
20110408,11
20110409,11
20110501,11
20110510,11
20110502,11
20110503,11
20110504,11
20110505,11
20110506,11
20110507,11
20110508,11
20110509,11
20110601,11
20110610,11
20110611,11
20110602,11
20110603,11
20110604,11
20110605,11
20110606,11
20110607,11
20110608,11
20110609,11
20110701,11
20110710,11
20110711,11
20110712,11
20110702,11
20110703,11
20110704,11
20110705,11
20110706,11
20110707,11
20110708,11
20110709,11
20110801,11
20110802,11
20110803,11
20110804,11
20110805,11
20110806,11
20110807,11
20110808,11
20110809,11
20110901,11
20110910,11
20110911,11
20110912,11
20110902,11
20110903,11
20110904,11
20110905,11
20110906,11
20110907,11
20110908,11
20110909,11
20120101,12
20120110,12
20120111,12
20120102,12
20120103,12
20120104,12
20120105,12
20120106,12
20120107,12
20120108,12
20120109,12
20121001,12
20121010,12
20121011,12
20121002,12
20121003,12
20121004,12
20121005,12
20121006,12
20121007,12
20121008,12
20121009,12
20121101,12
20121110,12
20121111,12
20121102,12
20121103,12
20121104,12
20121105,12
20121106,12
20121107,12
20121108,12
20121109,12
20121201,12
20121202,12
20121203,12
20121204,12
20121205,12
20121206,12
20121207,12
20121208,12
20121301,12
20121302,12
20121303,12
20121304,12
20121305,12
20121306,12
20121307,12
20121401,12
20121410,12
20121402,12
20121403,12
20121404,12
20121405,12
20121406,12
20121407,12
20121408,12
20121409,12
20121501,12
20121510,12
20121511,12
20121512,12
20121513,12
20121502,12
20121503,12
20121504,12
20121505,12
20121506,12
20121507,12
20121508,12
20121509,12
20121601,12
20121610,12
20121611,12
20121612,12
20121613,12
20121602,12
20121603,12
20121604,12
20121605,12
20121606,12
20121607,12
20121608,12
20121609,12
20121701,12
20121702,12
20121703,12
20121704,12
20121705,12
20121706,12
20121707,12
20121708,12
20121801,12
20121810,12
20121811,12
20121812,12
20121813,12
20121802,12
20121803,12
20121804,12
20121805,12
20121806,12
20121807,12
20121808,12
20121809,12
20121901,12
20121910,12
20121911,12
20121912,12
20121913,12
20121902,12
20121903,12
20121904,12
20121905,12
20121906,12
20121907,12
20121908,12
20121909,12
20120201,12
20120202,12
20120203,12
20120204,12
20120205,12
20120206,12
20120207,12
20120208,12
20122001,12
20122002,12
20122003,12
20122004,12
20122005,12
20122006,12
20122007,12
20122008,12
20122101,12
20122110,12
20122102,12
20122103,12
20122104,12
20122105,12
20122106,12
20122107,12
20122108,12
20122109,12
20122201,12
20122210,12
20122211,12
20122202,12
20122203,12
20122204,12
20122205,12
20122206,12
20122207,12
20122208,12
20122209,12
20120301,12
20120310,12
20120311,12
20120302,12
20120303,12
20120304,12
20120305,12
20120306,12
20120307,12
20120308,12
20120309,12
20120401,12
20120410,12
20120402,12
20120403,12
20120404,12
20120405,12
20120406,12
20120407,12
20120408,12
20120409,12
20120501,12
20120510,12
20120511,12
20120502,12
20120503,12
20120504,12
20120505,12
20120506,12
20120507,12
20120508,12
20120509,12
20120601,12
20120610,12
20120602,12
20120603,12
20120604,12
20120605,12
20120606,12
20120607,12
20120608,12
20120609,12
20120701,12
20120710,12
20120702,12
20120703,12
20120704,12
20120705,12
20120706,12
20120707,12
20120708,12
20120709,12
20120801,12
20120810,12
20120811,12
20120802,12
20120803,12
20120804,12
20120805,12
20120806,12
20120807,12
20120808,12
20120809,12
20120901,12
20120902,12
20120903,12
20120904,12
20120905,12
20120906,12
20120907,12
20130101,13
20130110,13
20130111,13
20130112,13
20130113,13
20130114,13
20130102,13
20130103,13
20130104,13
20130105,13
20130106,13
20130107,13
20130108,13
20130109,13
20131001,13
20131010,13
20131011,13
20131002,13
20131003,13
20131004,13
20131005,13
20131006,13
20131007,13
20131008,13
20131009,13
20131101,13
20131102,13
20131103,13
20131104,13
20131105,13
20131106,13
20131107,13
20131201,13
20131210,13
20131202,13
20131203,13
20131204,13
20131205,13
20131206,13
20131207,13
20131208,13
20131209,13
20131301,13
20131310,13
20131311,13
20131312,13
20131313,13
20131314,13
20131302,13
20131303,13
20131304,13
20131305,13
20131306,13
20131307,13
20131308,13
20131309,13
20131401,13
20131410,13
20131411,13
20131402,13
20131403,13
20131404,13
20131405,13
20131406,13
20131407,13
20131408,13
20131409,13
20131501,13
20131510,13
20131511,13
20131512,13
20131502,13
20131503,13
20131504,13
20131505,13
20131506,13
20131507,13
20131508,13
20131509,13
20131601,13
20131610,13
20131611,13
20131612,13
20131613,13
20131602,13
20131603,13
20131604,13
20131605,13
20131606,13
20131607,13
20131608,13
20131609,13
20131701,13
20131710,13
20131711,13
20131702,13
20131703,13
20131704,13
20131705,13
20131706,13
20131707,13
20131708,13
20131709,13
20131801,13
20131810,13
20131802,13
20131803,13
20131804,13
20131805,13
20131806,13
20131807,13
20131808,13
20131809,13
20131901,13
20131910,13
20131911,13
20131912,13
20131902,13
20131903,13
20131904,13
20131905,13
20131906,13
20131907,13
20131908,13
20131909,13
20130201,13
20130210,13
20130202,13
20130203,13
20130204,13
20130206,13
20130207,13
20130208,13
20130209,13
20132001,13
20132010,13
20132011,13
20132012,13
20132002,13
20132003,13
20132004,13
20132005,13
20132006,13
20132007,13
20132008,13
20132009,13
20132101,13
20132110,13
20132102,13
20132103,13
20132104,13
20132105,13
20132106,13
20132107,13
20132108,13
20132109,13
20132201,13
20132202,13
20132203,13
20132204,13
20132205,13
20132206,13
20132207,13
20132208,13
20132209,13
20132301,13
20132310,13
20132311,13
20132302,13
20132303,13
20132304,13
20132305,13
20132306,13
20132307,13
20132308,13
20132309,13
20132401,13
20132410,13
20132402,13
20132403,13
20132404,13
20132405,13
20132406,13
20132407,13
20132408,13
20132409,13
20132501,13
20132502,13
20132503,13
20132504,13
20132505,13
20132506,13
20132507,13
20132508,13
20132601,13
20132610,13
20132611,13
20132602,13
20132603,13
20132604,13
20132605,13
20132606,13
20132607,13
20132608,13
20132609,13
20132701,13
20132702,13
20132703,13
20132704,13
20132705,13
20132706,13
20132707,13
20132708,13
20132709,13
20132801,13
20132810,13
20132802,13
20132803,13
20132804,13
20132805,13
20132806,13
20132807,13
20132808,13
20132809,13
20132901,13
20132910,13
20132911,13
20132902,13
20132903,13
20132904,13
20132905,13
20132906,13
20132907,13
20132908,13
20132909,13
20130301,13
20130310,13
20130302,13
20130303,13
20130304,13
20130305,13
20130306,13
20130307,13
20130308,13
20130309,13
20130401,13
20130410,13
20130411,13
20130412,13
20130413,13
20130414,13
20130402,13
20130403,13
20130404,13
20130405,13
20130406,13
20130407,13
20130408,13
20130409,13
20130501,13
20130502,13
20130503,13
20130504,13
20130505,13
20130506,13
20130507,13
20130508,13
20130601,13
20130602,13
20130603,13
20130604,13
20130605,13
20130606,13
20130607,13
20130608,13
20130701,13
20130702,13
20130703,13
20130704,13
20130705,13
20130706,13
20130707,13
20130708,13
20130709,13
20130801,13
20130810,13
20130802,13
20130803,13
20130804,13
20130805,13
20130806,13
20130807,13
20130808,13
20130809,13
20130901,13
20130910,13
20130902,13
20130903,13
20130904,13
20130905,13
20130906,13
20130907,13
20130908,13
20130909,13
20140101,14
20140110,14
20140102,14
20140103,14
20140104,14
20140105,14
20140106,14
20140107,14
20140108,14
20140109,14
20141001,14
20141101,14
20141110,14
20141111,14
20141112,14
20141113,14
20141114,14
20141102,14
20141103,14
20141104,14
20141105,14
20141106,14
20141107,14
20141108,14
20141109,14
20141201,14
20141210,14
20141211,14
20141202,14
20141203,14
20141204,14
20141205,14
20141206,14
20141207,14
20141208,14
20141209,14
20141301,14
20141310,14
20141311,14
20141312,14
20141302,14
20141303,14
20141304,14
20141305,14
20141306,14
20141307,14
20141308,14
20141309,14
20141401,14
20141410,14
20141411,14
20141402,14
20141403,14
20141404,14
20141405,14
20141406,14
20141407,14
20141408,14
20141409,14
20141501,14
20141502,14
20141503,14
20141504,14
20141505,14
20141506,14
20141507,14
20141508,14
20141601,14
20141602,14
20141603,14
20141604,14
20141605,14
20141606,14
20141607,14
20141701,14
20141702,14
20141703,14
20141704,14
20141705,14
20141706,14
20141707,14
20141708,14
20141801,14
20141802,14
20141803,14
20141804,14
20141805,14
20141806,14
20141807,14
20141808,14
20141901,14
20141902,14
20141903,14
20141904,14
20141905,14
20140201,14
20140210,14
20140202,14
20140203,14
20140204,14
20140205,14
20140206,14
20140207,14
20140208,14
20140209,14
20142001,14
20142002,14
20142003,14
20142004,14
20142005,14
20142006,14
20142007,14
20142101,14
20142110,14
20142111,14
20142102,14
20142103,14
20142104,14
20142105,14
20142106,14
20142107,14
20142108,14
20142109,14
20142201,14
20142210,14
20142202,14
20142203,14
20142204,14
20142205,14
20142206,14
20142207,14
20142208,14
20142209,14
20142301,14
20142310,14
20142311,14
20142302,14
20142303,14
20142304,14
20142305,14
20142306,14
20142307,14
20142308,14
20142309,14
20142401,14
20142402,14
20142403,14
20142404,14
20142405,14
20142406,14
20142407,14
20142408,14
20142409,14
20142501,14
20142502,14
20142503,14
20142504,14
20142505,14
20142506,14
20142507,14
20142508,14
20142509,14
20142601,14
20142602,14
20142603,14
20142604,14
20142605,14
20142606,14
20142607,14
20142701,14
20142702,14
20142703,14
20142704,14
20142705,14
20142706,14
20142707,14
20142801,14
20142810,14
20142811,14
20142812,14
20142802,14
20142803,14
20142804,14
20142805,14
20142806,14
20142807,14
20142808,14
20142809,14
20142901,14
20142910,14
20142911,14
20142902,14
20142903,14
20142904,14
20142905,14
20142906,14
20142907,14
20142908,14
20142909,14
20140301,14
20140310,14
20140311,14
20140312,14
20140302,14
20140303,14
20140304,14
20140305,14
20140306,14
20140307,14
20140308,14
20140309,14
20143001,14
20143002,14
20143003,14
20143004,14
20143005,14
20143006,14
20143007,14
20143008,14
20143009,14
20143101,14
20143110,14
20143111,14
20143112,14
20143102,14
20143103,14
20143104,14
20143105,14
20143106,14
20143107,14
20143108,14
20143109,14
20140401,14
20140410,14
20140402,14
20140403,14
20140404,14
20140405,14
20140406,14
20140407,14
20140408,14
20140409,14
20140510,14
20140504,14
20140505,14
20140506,14
20140507,14
20140508,14
20140509,14
20140601,14
20140610,14
20140602,14
20140603,14
20140604,14
20140605,14
20140606,14
20140607,14
20140608,14
20140609,14
20140701,14
20140702,14
20140703,14
20140704,14
20140705,14
20140706,14
20140707,14
20140708,14
20140709,14
20140801,14
20140802,14
20140803,14
20140804,14
20140805,14
20140806,14
20140807,14
20140808,14
20140809,14
20140901,14
20140910,14
20140911,14
20140912,14
20140913,14
20140902,14
20140903,14
20140904,14
20140905,14
20140906,14
20140907,14
20140908,14
20140909,14
20150101,15
20150110,15
20150111,15
20150112,15
20150102,15
20150103,15
20150104,15
20150105,15
20150106,15
20150107,15
20150108,15
20150109,15
20151001,15
20151010,15
20151011,15
20151012,15
20151013,15
20151002,15
20151003,15
20151004,15
20151005,15
20151006,15
20151007,15
20151008,15
20151009,15
20151101,15
20151110,15
20151111,15
20151112,15
20151113,15
20151102,15
20151103,15
20151104,15
20151105,15
20151106,15
20151107,15
20151108,15
20151109,15
20151201,15
20151202,15
20151203,15
20151204,15
20151205,15
20151206,15
20151207,15
20151208,15
20151209,15
20151301,15
20151310,15
20151302,15
20151303,15
20151304,15
20151305,15
20151306,15
20151307,15
20151308,15
20151309,15
20151401,15
20151410,15
20151411,15
20151402,15
20151403,15
20151404,15
20151405,15
20151406,15
20151407,15
20151408,15
20151409,15
20151501,15
20151510,15
20151502,15
20151503,15
20151504,15
20151505,15
20151506,15
20151507,15
20151508,15
20151509,15
20151601,15
20151610,15
20151611,15
20151602,15
20151603,15
20151604,15
20151605,15
20151606,15
20151607,15
20151608,15
20151609,15
20151701,15
20151710,15
20151711,15
20151712,15
20151702,15
20151703,15
20151704,15
20151705,15
20151706,15
20151707,15
20151708,15
20151709,15
20151801,15
20151810,15
20151811,15
20151812,15
20151813,15
20151802,15
20151803,15
20151804,15
20151805,15
20151806,15
20151807,15
20151808,15
20151809,15
20151901,15
20151910,15
20151911,15
20151902,15
20151903,15
20151904,15
20151905,15
20151906,15
20151907,15
20151908,15
20151909,15
20150201,15
20150210,15
20150202,15
20150203,15
20150204,15
20150205,15
20150206,15
20150207,15
20150208,15
20150209,15
20152001,15
20152010,15
20152011,15
20152012,15
20152002,15
20152003,15
20152004,15
20152005,15
20152006,15
20152007,15
20152008,15
20152009,15
20152101,15
20152110,15
20152111,15
20152112,15
20152113,15
20152102,15
20152103,15
20152104,15
20152105,15
20152106,15
20152107,15
20152108,15
20152109,15
20150313,15
20150310,15
20150311,15
20150312,15
20150302,15
20150303,15
20150304,15
20150305,15
20150306,15
20150307,15
20150308,15
20150309,15
20150401,15
20150410,15
20150411,15
20150412,15
20150413,15
20150414,15
20150402,15
20150403,15
20150404,15
20150405,15
20150406,15
20150407,15
20150408,15
20150409,15
20150501,15
20150510,15
20150511,15
20150512,15
20150513,15
20150514,15
20150502,15
20150503,15
20150504,15
20150505,15
20150506,15
20150507,15
20150508,15
20150509,15
20150601,15
20150602,15
20150603,15
20150604,15
20150605,15
20150606,15
20150607,15
20150701,15
20150710,15
20150711,15
20150712,15
20150702,15
20150703,15
20150704,15
20150705,15
20150706,15
20150707,15
20150708,15
20150709,15
20150801,15
20150810,15
20150802,15
20150803,15
20150804,15
20150805,15
20150806,15
20150807,15
20150808,15
20150809,15
20150901,15
20150902,15
20150903,15
20150904,15
20150905,15
20150906,15
20150907,15
20150908,15
20020101,02
20020102,02
20021001,02
20021002,02
20021003,02
20021004,02
20021005,02
20021006,02
20021007,02
20021008,02
20021009,02
20021101,02
20021102,02
20021103,02
20021104,02
20021105,02
20021106,02
20021201,02
20021202,02
20021203,02
20021204,02
20021205,02
20021206,02
20021301,02
20021302,02
20021303,02
20021304,02
20021305,02
20021306,02
20021307,02
20021401,02
20021410,02
20021402,02
20021403,02
20021404,02
20021405,02
20021406,02
20021407,02
20021408,02
20021409,02
20021501,02
20021502,02
20021503,02
20021504,02
20021505,02
20021506,02
20021507,02
20021508,02
20021601,02
20021602,02
20021603,02
20021608,02
20021605,02
20021606,02
20021607,02
20021701,02
20021702,02
20021703,02
20021704,02
20021705,02
20021706,02
20021707,02
20021708,02
20021709,02
20021801,02
20021802,02
20021803,02
20021804,02
20021805,02
20021806,02
20021807,02
20021808,02
20021901,02
20021902,02
20021903,02
20021904,02
20021905,02
20021906,02
20021907,02
20021908,02
20020201,02
20020202,02
20020203,02
20020204,02
20020205,02
20020206,02
20020207,02
20020208,02
20022001,02
20022002,02
20022003,02
20022004,02
20022005,02
20022006,02
20022007,02
20022008,02
20022101,02
20022102,02
20022103,02
20022104,02
20022105,02
20022106,02
20022201,02
20022202,02
20022203,02
20022204,02
20022205,02
20022206,02
20022301,02
20022302,02
20022303,02
20022304,02
20022305,02
20022306,02
20022307,02
20022308,02
20022309,02
20022401,02
20022402,02
20022403,02
20022404,02
20022405,02
20022406,02
20022501,02
20022510,02
20022511,02
20022502,02
20022503,02
20022504,02
20022505,02
20022506,02
20022507,02
20022508,02
20022509,02
20020301,02
20020302,02
20020303,02
20020304,02
20020305,02
20020306,02
20020307,02
20020308,02
20020401,02
20020410,02
20020402,02
20020403,02
20020404,02
20020405,02
20020406,02
20020407,02
20020408,02
20020409,02
20020501,02
20020502,02
20020503,02
20020504,02
20020505,02
20020506,02
20020507,02
20020508,02
20020509,02
20020601,02
20020610,02
20020602,02
20020603,02
20020604,02
20020605,02
20020606,02
20020607,02
20020608,02
20020609,02
20020701,02
20020702,02
20020703,02
20020704,02
20020705,02
20020706,02
20020707,02
20020708,02
20020709,02
20020801,02
20020802,02
20020803,02
20020804,02
20020805,02
20020806,02
20020807,02
20020808,02
20020901,02
20020902,02
20020903,02
20020904,02
20020905,02
20020906,02
20020907,02
20020908,02
20020909,02
20030101,03
20030110,03
20030111,03
20030102,03
20030103,03
20030104,03
20030105,03
20030106,03
20030107,03
20030108,03
20030109,03
20031001,03
20031002,03
20031003,03
20031004,03
20031005,03
20031006,03
20031007,03
20031008,03
20031101,03
20031102,03
20031103,03
20031104,03
20031105,03
20031106,03
20031107,03
20031108,03
20031201,03
20031210,03
20031202,03
20031203,03
20031204,03
20031205,03
20031206,03
20031207,03
20031208,03
20031209,03
20031301,03
20031310,03
20031311,03
20031302,03
20031303,03
20031304,03
20031305,03
20031306,03
20031307,03
20031308,03
20031309,03
20031401,03
20031410,03
20031402,03
20031403,03
20031404,03
20031405,03
20031406,03
20031407,03
20031408,03
20031409,03
20031501,03
20031502,03
20031503,03
20031504,03
20031505,03
20031506,03
20031507,03
20031508,03
20031509,03
20031601,03
20031602,03
20031603,03
20031604,03
20031605,03
20031606,03
20031607,03
20031608,03
20031609,03
20031701,03
20031702,03
20031703,03
20031704,03
20031705,03
20031706,03
20031707,03
20031708,03
20031709,03
20031801,03
20031810,03
20031811,03
20031802,03
20031803,03
20031804,03
20031805,03
20031806,03
20031807,03
20031808,03
20031809,03
20031901,03
20031910,03
20031902,03
20031903,03
20031904,03
20031905,03
20031906,03
20031907,03
20031908,03
20031909,03
20030201,03
20030210,03
20030211,03
20030212,03
20030202,03
20030203,03
20030204,03
20030205,03
20030206,03
20030207,03
20030208,03
20030209,03
20032001,03
20032010,03
20032011,03
20032002,03
20032003,03
20032004,03
20032005,03
20032006,03
20032007,03
20032008,03
20032009,03
20032101,03
20032110,03
20032102,03
20032103,03
20032104,03
20032105,03
20032106,03
20032107,03
20032108,03
20032109,03
20032201,03
20032202,03
20032203,03
20032204,03
20032205,03
20032206,03
20032207,03
20032208,03
20032209,03
20032301,03
20032310,03
20032302,03
20032303,03
20032304,03
20032305,03
20032306,03
20032307,03
20032308,03
20032309,03
20032401,03
20032402,03
20032403,03
20032404,03
20032405,03
20032406,03
20032407,03
20032408,03
20032409,03
20032501,03
20032502,03
20032503,03
20032504,03
20032505,03
20032506,03
20032507,03
20032508,03
20032509,03
20032601,03
20032602,03
20032603,03
20032604,03
20032605,03
20032606,03
20032607,03
20032608,03
20032609,03
20032701,03
20032702,03
20032703,03
20032704,03
20032705,03
20032706,03
20032707,03
20030301,03
20030310,03
20030311,03
20030302,03
20030303,03
20030304,03
20030305,03
20030306,03
20030307,03
20030308,03
20030309,03
20030401,03
20030402,03
20030403,03
20030404,03
20030405,03
20030406,03
20030407,03
20030408,03
20030501,03
20030502,03
20030503,03
20030504,03
20030505,03
20030506,03
20030507,03
20030601,03
20030602,03
20030603,03
20030604,03
20030605,03
20030606,03
20030607,03
20030701,03
20030702,03
20030703,03
20030704,03
20030705,03
20030706,03
20030707,03
20030708,03
20030709,03
20030801,03
20030810,03
20030802,03
20030803,03
20030804,03
20030805,03
20030806,03
20030807,03
20030808,03
20030809,03
20030901,03
20030910,03
20030902,03
20030903,03
20030904,03
20030905,03
20030906,03
20030907,03
20030908,03
20030909,03
20040101,04
20040110,04
20040111,04
20040112,04
20040113,04
20040114,04
20040102,04
20040103,04
20040104,04
20040105,04
20040106,04
20040107,04
20040108,04
20040109,04
20041001,04
20041006,04
20042401,04
20042402,04
20042403,04
20042404,04
20042405,04
20042503,04
20042406,04
20041002,04
20041003,04
20041004,04
20041005,04
20042603,04
20042601,04
20041008,04
20041007,04
20041101,04
20041102,04
20041103,04
20041104,04
20041105,04
20041106,04
20041107,04
20041108,04
20041109,04
20041201,04
20041210,04
20041211,04
20041212,04
20041202,04
20041203,04
20041204,04
20041205,04
20041206,04
20041207,04
20041208,04
20041209,04
20041301,04
20041310,04
20041311,04
20041302,04
20041303,04
20041304,04
20041305,04
20041306,04
20041307,04
20041308,04
20041309,04
20041401,04
20041402,04
20041403,04
20041404,04
20041405,04
20041406,04
20041407,04
20041408,04
20041409,04
20041501,04
20041510,04
20041502,04
20041503,04
20041504,04
20041505,04
20041506,04
20041507,04
20041508,04
20041509,04
20041601,04
20041610,04
20041602,04
20041603,04
20041604,04
20041605,04
20041606,04
20041607,04
20041608,04
20041609,04
20041701,04
20041710,04
20041702,04
20041703,04
20041704,04
20041705,04
20041706,04
20041707,04
20041708,04
20041709,04
20041801,04
20041901,04
20041910,04
20041902,04
20041903,04
20041904,04
20041905,04
20041906,04
20041907,04
20041908,04
20041909,04
20040201,04
20040210,04
20040202,04
20040203,04
20040204,04
20040205,04
20040206,04
20040207,04
20040208,04
20040209,04
20042001,04
20042010,04
20042011,04
20042012,04
20042002,04
20042003,04
20042004,04
20042005,04
20042006,04
20042007,04
20042008,04
20042009,04
20042101,04
20042110,04
20042102,04
20042103,04
20042104,04
20042105,04
20042106,04
20042107,04
20042108,04
20042109,04
20042201,04
20042210,04
20042211,04
20042212,04
20042202,04
20042203,04
20042204,04
20042205,04
20042206,04
20042207,04
20042208,04
20042209,04
20042301,04
20042310,04
20042311,04
20042312,04
20042302,04
20042303,04
20042304,04
20042305,04
20042306,04
20042307,04
20042308,04
20042309,04
20040301,04
20040310,04
20040311,04
20040312,04
20040313,04
20040302,04
20040303,04
20040304,04
20040305,04
20040306,04
20040307,04
20040308,04
20040309,04
20040401,04
20040410,04
20040411,04
20040402,04
20040403,04
20040404,04
20040405,04
20040406,04
20040407,04
20040408,04
20040409,04
20040501,04
20040510,04
20040511,04
20040502,04
20040503,04
20040504,04
20040505,04
20040506,04
20040507,04
20040508,04
20040509,04
20040601,04
20040610,04
20040611,04
20040602,04
20040603,04
20040604,04
20040605,04
20040606,04
20040607,04
20040608,04
20040609,04
20040701,04
20040710,04
20040711,04
20040712,04
20040702,04
20040703,04
20040704,04
20040705,04
20040706,04
20040707,04
20040708,04
20040709,04
20040801,04
20040810,04
20040811,04
20040802,04
20040803,04
20040804,04
20040805,04
20040806,04
20040807,04
20040808,04
20040809,04
20040901,04
20040902,04
20040903,04
20040904,04
20040905,04
20040906,04
20040907,04
20050101,05
20050110,05
20050102,05
20050103,05
20050104,05
20050105,05
20050106,05
20050107,05
20050108,05
20050109,05
20051001,05
20051010,05
20051002,05
20051003,05
20051004,05
20051005,05
20051006,05
20051007,05
20051008,05
20051009,05
20051101,05
20051110,05
20051102,05
20051103,05
20051104,05
20051105,05
20051106,05
20051107,05
20051108,05
20051109,05
20051201,05
20051202,05
20051203,05
20051204,05
20051205,05
20051206,05
20051207,05
20051301,05
20051302,05
20051303,05
20051304,05
20051305,05
20051306,05
20051307,05
20051308,05
20051309,05
20051401,05
20051402,05
20051403,05
20051404,05
20051405,05
20051406,05
20051407,05
20051408,05
20051409,05
20051501,05
20051502,05
20051503,05
20051504,05
20051505,05
20051506,05
20051507,05
20051508,05
20051509,05
20051601,05
20051610,05
20051611,05
20051602,05
20051603,05
20051604,05
20051605,05
20051606,05
20051607,05
20051608,05
20051609,05
20051701,05
20051710,05
20051711,05
20051702,05
20051703,05
20051704,05
20051705,05
20051706,05
20051707,05
20051708,05
20051709,05
20051801,05
20051810,05
20051811,05
20051802,05
20051803,05
20051804,05
20051805,05
20051806,05
20051807,05
20051808,05
20051809,05
20051901,05
20051910,05
20051911,05
20051902,05
20051903,05
20051904,05
20051905,05
20051906,05
20051907,05
20051908,05
20051909,05
20050201,05
20050210,05
20050211,05
20050202,05
20050203,05
20050204,05
20050205,05
20050206,05
20050207,05
20050208,05
20050209,05
20052001,05
20052010,05
20052011,05
20052012,05
20052002,05
20052003,05
20052004,05
20052005,05
20052006,05
20052007,05
20052008,05
20052009,05
20052101,05
20052110,05
20052111,05
20052102,05
20052103,05
20052104,05
20052105,05
20052106,05
20052107,05
20052108,05
20052109,05
20052201,05
20052210,05
20052211,05
20052212,05
20052213,05
20052202,05
20052203,05
20052204,05
20052205,05
20052206,05
20052207,05
20052208,05
20052209,05
20050301,05
20050310,05
20050311,05
20050302,05
20050303,05
20050304,05
20050305,05
20050306,05
20050307,05
20050308,05
20050309,05
20050401,05
20050402,05
20050403,05
20050404,05
20050405,05
20050406,05
20050407,05
20050408,05
20050409,05
20050501,05
20050502,05
20050503,05
20050504,05
20050505,05
20050506,05
20050507,05
20050508,05
20050601,05
20050602,05
20050603,05
20050604,05
20050605,05
20050606,05
20050607,05
20050608,05
20050701,05
20050702,05
20050703,05
20050704,05
20050705,05
20050706,05
20050707,05
20050708,05
20050801,05
20050802,05
20050803,05
20050804,05
20050805,05
20050806,05
20050807,05
20050808,05
20050809,05
20050901,05
20050910,05
20050902,05
20050903,05
20050904,05
20050905,05
20050906,05
20050907,05
20050908,05
20050909,05
20060101,06
20060110,06
20060111,06
20060112,06
20060102,06
20060103,06
20060104,06
20060105,06
20060106,06
20060107,06
20060108,06
20060109,06
20061001,06
20061010,06
20061002,06
20061003,06
20061004,06
20061005,06
20061006,06
20061007,06
20061008,06
20061009,06
20061101,06
20061110,06
20061102,06
20061103,06
20061104,06
20061105,06
20061106,06
20061107,06
20061108,06
20061109,06
20061201,06
20061210,06
20061211,06
20061212,06
20061202,06
20061203,06
20061204,06
20061205,06
20061206,06
20061207,06
20061208,06
20061209,06
20061301,06
20061302,06
20061303,06
20061304,06
20061305,06
20061306,06
20061307,06
20061308,06
20061309,06
20061401,06
20061410,06
20061402,06
20061403,06
20061404,06
20061405,06
20061406,06
20061407,06
20061408,06
20061409,06
20061501,06
20061510,06
20061502,06
20061503,06
20061504,06
20061505,06
20061506,06
20061507,06
20061508,06
20061509,06
20061601,06
20061610,06
20061611,06
20061602,06
20061603,06
20061604,06
20061605,06
20061606,06
20061607,06
20061608,06
20061609,06
20061701,06
20061702,06
20061703,06
20061704,06
20061705,06
20061706,06
20061707,06
20061801,06
20061802,06
20061803,06
20061804,06
20061805,06
20061806,06
20061807,06
20061808,06
20061809,06
20061901,06
20061902,06
20061903,06
20061904,06
20061905,06
20061906,06
20061907,06
20061908,06
20060201,06
20060210,06
20060211,06
20060202,06
20060203,06
20060204,06
20060205,06
20060206,06
20060207,06
20060208,06
20060209,06
20062001,06
20062010,06
20062002,06
20062003,06
20062004,06
20062005,06
20062006,06
20062007,06
20062008,06
20062009,06
20062101,06
20062110,06
20062111,06
20062102,06
20062103,06
20062104,06
20062105,06
20062106,06
20062107,06
20062108,06
20062109,06
20060301,06
20060310,06
20060302,06
20060303,06
20060304,06
20060305,06
20060306,06
20060307,06
20060308,06
20060309,06
20060401,06
20060410,06
20060411,06
20060402,06
20060403,06
20060404,06
20060405,06
20060406,06
20060407,06
20060408,06
20060409,06
20060501,06
20060510,06
20060511,06
20060512,06
20060502,06
20060503,06
20060504,06
20060505,06
20060506,06
20060507,06
20060508,06
20060509,06
20060601,06
20060602,06
20060603,06
20060604,06
20060605,06
20060606,06
20060607,06
20060608,06
20060609,06
20060701,06
20060710,06
20060711,06
20060712,06
20060713,06
20060702,06
20060703,06
20060704,06
20060705,06
20060706,06
20060707,06
20060708,06
20060709,06
20060801,06
20060810,06
20060802,06
20060803,06
20060804,06
20060805,06
20060806,06
20060807,06
20060808,06
20060809,06
20060901,06
20060910,06
20060902,06
20060903,06
20060904,06
20060905,06
20060906,06
20060907,06
20060908,06
20060909,06
20070101,07
20070110,07
20070102,07
20070103,07
20070104,07
20070105,07
20070106,07
20070107,07
20070108,07
20070109,07
20071001,07
20071010,07
20071002,07
20071003,07
20071004,07
20071005,07
20071006,07
20071007,07
20071008,07
20071009,07
20071101,07
20071110,07
20071102,07
20071103,07
20071104,07
20071105,07
20071106,07
20071107,07
20071108,07
20071109,07
20071201,07
20071202,07
20071203,07
20071204,07
20071205,07
20071206,07
20071207,07
20071208,07
20071209,07
20071301,07
20071310,07
20071311,07
20071312,07
20071313,07
20071314,07
20071315,07
20071302,07
20071303,07
20071304,07
20071305,07
20071306,07
20071307,07
20071308,07
20071309,07
20071401,07
20071410,07
20071411,07
20071412,07
20071413,07
20071402,07
20071403,07
20071404,07
20071405,07
20071406,07
20071407,07
20071408,07
20071409,07
20071501,07
20071510,07
20071511,07
20071502,07
20071503,07
20071504,07
20071505,07
20071506,07
20071507,07
20071508,07
20071509,07
20071601,07
20071602,07
20071603,07
20071604,07
20071605,07
20071606,07
20071607,07
20071608,07
20071609,07
20071701,07
20071710,07
20071711,07
20071702,07
20071703,07
20071704,07
20071705,07
20071706,07
20071707,07
20071708,07
20071709,07
20071801,07
20071810,07
20071802,07
20071803,07
20071804,07
20071805,07
20071806,07
20071807,07
20071808,07
20071901,07
20071906,07
20070201,07
20070202,07
20070203,07
20070204,07
20070205,07
20070206,07
20070207,07
20070208,07
20070209,07
20072001,07
20072010,07
20072011,07
20072012,07
20072013,07
20072002,07
20072003,07
20072004,07
20072005,07
20072006,07
20072007,07
20072008,07
20072009,07
20072101,07
20072110,07
20072111,07
20072112,07
20072102,07
20072103,07
20072104,07
20072105,07
20072106,07
20072107,07
20072108,07
20072109,07
20072201,07
20072210,07
20072211,07
20072212,07
20072213,07
20072202,07
20072203,07
20072204,07
20072205,07
20072206,07
20072207,07
20072208,07
20072209,07
20072301,07
20072302,07
20072303,07
20072304,07
20072305,07
20072306,07
20072307,07
20072308,07
20072309,07
20072401,07
20072410,07
20072411,07
20072402,07
20072403,07
20072404,07
20072405,07
20072406,07
20072407,07
20072408,07
20072409,07
20070301,07
20070310,07
20070302,07
20070303,07
20070304,07
20070305,07
20070306,07
20070307,07
20070308,07
20070309,07
20070401,07
20070410,07
20070402,07
20070403,07
20070404,07
20070405,07
20070406,07
20070407,07
20070408,07
20070409,07
20070501,07
20070502,07
20070503,07
20070504,07
20070505,07
20070506,07
20070507,07
20070508,07
20070509,07
20070601,07
20070602,07
20070603,07
20070604,07
20070605,07
20070606,07
20070607,07
20070608,07
20070609,07
20070701,07
20070710,07
20070711,07
20070702,07
20070703,07
20070704,07
20070705,07
20070706,07
20070707,07
20070708,07
20070709,07
20070801,07
20070802,07
20070803,07
20070804,07
20070805,07
20070806,07
20070807,07
20070808,07
20070901,07
20070910,07
20070911,07
20070902,07
20070903,07
20070904,07
20070905,07
20070906,07
20070907,07
20070908,07
20070909,07
20080101,08
20080110,08
20080111,08
20080112,08
20080102,08
20080103,08
20080104,08
20080105,08
20080106,08
20080107,08
20080108,08
20080109,08
20081001,08
20081002,08
20081003,08
20081004,08
20081005,08
20081006,08
20081007,08
20081008,08
20081101,08
20081102,08
20081103,08
20081104,08
20081105,08
20081201,08
20081202,08
20081203,08
20081204,08
20081205,08
20081206,08
20081207,08
20081301,08
20081302,08
20081303,08
20081304,08
20081305,08
20081306,08
20081307,08
20081308,08
20081401,08
20081410,08
20081402,08
20081403,08
20081404,08
20081405,08
20081406,08
20081407,08
20081408,08
20081409,08
20081501,08
20081510,08
20081502,08
20081503,08
20081504,08
20081505,08
20081506,08
20081507,08
20081508,08
20081509,08
20081601,08
20081610,08
20081602,08
20081603,08
20081604,08
20081605,08
20081606,08
20081607,08
20081608,08
20081609,08
20080201,08
20080210,08
20080202,08
20080203,08
20080204,08
20080205,08
20080206,08
20080207,08
20080208,08
20080209,08
20080301,08
20080310,08
20080302,08
20080303,08
20080304,08
20080305,08
20080306,08
20080307,08
20080308,08
20080309,08
20080401,08
20080410,08
20080411,08
20080402,08
20080403,08
20080404,08
20080405,08
20080406,08
20080407,08
20080408,08
20080409,08
20080501,08
20080510,08
20080511,08
20080502,08
20080503,08
20080504,08
20080505,08
20080506,08
20080507,08
20080508,08
20080509,08
20080601,08
20080610,08
20080611,08
20080602,08
20080603,08
20080604,08
20080605,08
20080606,08
20080607,08
20080608,08
20080609,08
20080701,08
20080710,08
20080711,08
20080712,08
20080713,08
20080702,08
20080703,08
20080704,08
20080705,08
20080706,08
20080707,08
20080708,08
20080801,08
20080810,08
20080811,08
20080802,08
20080803,08
20080804,08
20080805,08
20080806,08
20080807,08
20080808,08
20080809,08
20080901,08
20080902,08
20080903,08
20080904,08
20080905,08
20080906,08
20080907,08
20080908,08
20080909,08
20090101,09
20090102,09
20090103,09
20090104,09
20090105,09
20090106,09
20090107,09
20090108,09
20090109,09
20091001,09
20091010,09
20091011,09
20091012,09
20091002,09
20091003,09
20091004,09
20091005,09
20091006,09
20091007,09
20091008,09
20091009,09
20091101,09
20091110,09
20091111,09
20091112,09
20091102,09
20091103,09
20091104,09
20091105,09
20091106,09
20091107,09
20091108,09
20091109,09
20091201,09
20091210,09
20091211,09
20091212,09
20091202,09
20091203,09
20091204,09
20091205,09
20091206,09
20091207,09
20091208,09
20091209,09
20091301,09
20081703,08
20081702,08
20091302,09
20091303,09
20091304,09
20091305,09
20091306,09
20081705,08
20081701,08
20081704,08
20091401,09
20091410,09
20091402,09
20091403,09
20091404,09
20091405,09
20091406,09
20091407,09
20091408,09
20091409,09
20091501,09
20091510,09
20091511,09
20091502,09
20091503,09
20091504,09
20091505,09
20091506,09
20091507,09
20091508,09
20091509,09
20091601,09
20091610,09
20091611,09
20091612,09
20091613,09
20091602,09
20091603,09
20091604,09
20091605,09
20091606,09
20091607,09
20091608,09
20091609,09
20090201,09
20090210,09
20090211,09
20090212,09
20090202,09
20090203,09
20090204,09
20090205,09
20090206,09
20090207,09
20090208,09
20090209,09
20090301,09
20090310,09
20090311,09
20090312,09
20090313,09
20090302,09
20090303,09
20090304,09
20090305,09
20090306,09
20090307,09
20090308,09
20090309,09
20090401,09
20090410,09
20090411,09
20090402,09
20090403,09
20090404,09
20090405,09
20090406,09
20090407,09
20090408,09
20090409,09
20090501,09
20090510,09
20090511,09
20090502,09
20090503,09
20090504,09
20090505,09
20090506,09
20090507,09
20090508,09
20090509,09
20090601,09
20090610,09
20090611,09
20090612,09
20090602,09
20090603,09
20090604,09
20090605,09
20090606,09
20090607,09
20090608,09
20090609,09
20090701,09
20090710,09
20090711,09
20090712,09
20090713,09
20090714,09
20090702,09
20090703,09
20090704,09
20090705,09
20090706,09
20090707,09
20090708,09
20090709,09
20090801,09
20090810,09
20090811,09
20090812,09
20090813,09
20090802,09
20090803,09
20090804,09
20090805,09
20090806,09
20090807,09
20090808,09
20090809,09
20090901,09
20090910,09
20090911,09
20090912,09
20090913,09
20090914,09
20090902,09
20090903,09
20090904,09
20090905,09
20090906,09
20090907,09
20090908,09
20090909,09
20091307,09
20010202,01
20010201,01
20010204,01
20010203,01
20010205,01
20010206,01
20010208,01
20010211,01
20010212,01
20010213,01
20010214,01
20010215,01
20010217,01
20010218,01
20010210,01
20010207,01
20010209,01
20010219,01
20010216,01
20010301,01
20010302,01
20010303,01
20010323,01
20010322,01
20010304,01
20010319,01
20010320,01
20010318,01
20010317,01
20010305,01
20010307,01
20010306,01
20010316,01
20010315,01
20010314,01
20010313,01
20010308,01
20010309,01
20010321,01
20011302,01
20011303,01
20011306,01
20011305,01
20011308,01
20011307,01
20011312,01
20011315,01
20011314,01
20121614,12
20150301,15
20130205,13
20130211,13
20021604,02
20010918,01
20011212,01
20071902,07
20071903,07
20071904,07
20071905,07
20041009,04
20042501,04
20042502,04
20042504,04
20042602,04
20080714,08
20080709,08
20140501,14
20140502,14
20140503,14
20042111,04
20042112,04
20010312,01
20010311,01
20010310,01
20071811,07
20071809,07
